origin,destination,departure_date,return_date,origin_airport,destination_airport,airline,stops,departure_time,arrival_time,duration(in minutes),price,currency
Kathmandu,Hong Kong,2026-05-14,2026-05-26,Tribhuvan International Airport,Hong Kong International Airport,THAI and Cathay Pacific,2,1:30 PM,5:50 AM,845,1083836,NPR
Kathmandu,Shanghai,2026-05-17,2026-05-27,Tribhuvan International Airport,Shanghai Pudong International Airport,China Southern,1,12:30 PM,12:20 AM,575,98594,NPR
Paris,Shanghai,2026-05-07,2026-05-16,Charles de Gaulle Airport,Shanghai Pudong International Airport,Turkish Airlines,1,4:00 AM,9:00 PM,1064,83326,NPR
Kathmandu,Shanghai,2026-06-25,2026-07-03,Tribhuvan International Airport,Shanghai Pudong International Airport,flydubai and Emirates,2,12:15 AM,10:45 PM,651,521029,NPR
Hong Kong,Los Angeles,2026-11-24,2026-11-29,Hong Kong International Airport,Los Angeles International Airport,Malaysia Airlines,1,10:30 AM,4:15 AM,889,157175,NPR
Delhi,Frankfurt,2026-05-25,2026-06-04,Indira Gandhi International Airport,Frankfurt Airport,Etihad Airways,2,8:00 AM,11:45 PM,1298,180889,NPR
Singapore,Shanghai,2026-09-19,2026-09-28,Changi Airport,Shanghai Pudong International Airport,Etihad Airways,2,6:00 AM,1:15 AM,792,133667,NPR
London,Hong Kong,2026-05-26,2026-06-06,Heathrow Airport,Hong Kong International Airport,Lufthansa,1,8:30 PM,5:30 AM,927,269684,NPR
Paris,Los Angeles,2026-10-27,2026-11-02,Charles de Gaulle Airport,Los Angeles International Airport,Malaysia Airlines,2,11:15 PM,5:45 AM,977,333060,NPR
Paris,Singapore,2026-09-20,2026-09-28,Charles de Gaulle Airport,Changi Airport,Japan Airlines,0,7:00 AM,10:45 AM,748,119403,NPR
London,Amsterdam,2026-12-11,2026-12-21,Heathrow Airport,Amsterdam Schiphol Airport,Air India,1,12:45 PM,4:30 AM,485,308607,NPR
Doha,Rome,2026-09-15,2026-09-24,Hamad International Airport,Leonardo da Vinci International Airport,Korean Air,2,12:30 PM,7:15 AM,1243,567488,NPR
Delhi,Tokyo,2026-05-13,2026-05-19,Indira Gandhi International Airport,Narita International Airport,Thai Airways,1,9:45 PM,7:00 PM,988,450156,NPR
Hong Kong,Istanbul,2026-09-13,2026-09-22,Hong Kong International Airport,Istanbul Airport,Emirates,0,9:30 PM,8:30 PM,428,357757,NPR
Singapore,Beijing,2026-08-25,2026-08-30,Changi Airport,Beijing Capital International Airport,Lufthansa,2,5:00 AM,8:30 PM,1239,258573,NPR
Dubai,Toronto,2026-11-12,2026-11-19,Dubai International Airport,Toronto Pearson International Airport,flydubai and Emirates,0,7:30 PM,3:00 PM,429,430612,NPR
New York,Sydney,2026-05-15,2026-05-23,John F. Kennedy International Airport,Sydney Kingsford Smith Airport,Singapore Airlines,0,11:45 PM,2:15 AM,462,548369,NPR
Kuala Lumpur,Beijing,2026-07-07,2026-07-20,Kuala Lumpur International Airport,Beijing Capital International Airport,Korean Air,1,5:15 PM,10:30 PM,1017,441559,NPR
Bangkok,Rome,2026-08-24,2026-08-30,Suvarnabhumi Airport,Leonardo da Vinci International Airport,Turkish Airlines,1,2:30 AM,12:15 AM,651,57540,NPR
Delhi,Singapore,2026-10-09,2026-10-14,Indira Gandhi International Airport,Changi Airport,Turkish Airlines,0,1:30 AM,2:15 AM,770,558993,NPR
London,Rome,2026-06-03,2026-06-17,Heathrow Airport,Leonardo da Vinci International Airport,British Airways,1,3:45 PM,6:00 AM,398,501989,NPR
Tokyo,Frankfurt,2026-08-14,2026-08-26,Narita International Airport,Frankfurt Airport,Qatar Airways,0,1:45 AM,11:30 PM,423,310735,NPR
London,Sydney,2026-09-15,2026-09-27,Heathrow Airport,Sydney Kingsford Smith Airport,Thai Airways,1,5:30 AM,2:15 PM,354,514656,NPR
Kuala Lumpur,Shanghai,2026-05-13,2026-05-26,Kuala Lumpur International Airport,Shanghai Pudong International Airport,Emirates,0,7:15 AM,1:45 PM,1185,274130,NPR
Singapore,Seoul,2026-06-12,2026-06-23,Changi Airport,Incheon International Airport,Emirates,1,8:45 AM,9:45 AM,1196,212316,NPR
London,Los Angeles,2026-06-25,2026-06-30,Heathrow Airport,Los Angeles International Airport,Qatar Airways,1,1:00 AM,6:45 PM,1229,215080,NPR
Kathmandu,Rome,2026-05-21,2026-05-28,Tribhuvan International Airport,Leonardo da Vinci International Airport,Singapore Airlines,2,2:15 AM,12:00 PM,704,91672,NPR
Hong Kong,Shanghai,2026-08-16,2026-08-30,Hong Kong International Airport,Shanghai Pudong International Airport,flydubai and Emirates,1,8:15 AM,9:30 PM,688,328517,NPR
Singapore,Beijing,2026-10-19,2026-10-28,Changi Airport,Beijing Capital International Airport,Air France,1,2:00 AM,2:00 PM,350,273508,NPR
Kuala Lumpur,Los Angeles,2026-06-03,2026-06-13,Kuala Lumpur International Airport,Los Angeles International Airport,Singapore Airlines,1,11:30 AM,5:45 AM,819,58203,NPR
Paris,Hong Kong,2026-09-19,2026-09-28,Charles de Gaulle Airport,Hong Kong International Airport,Cathay Pacific,1,8:00 AM,3:15 AM,757,345442,NPR
Hong Kong,Sydney,2026-10-31,2026-11-10,Hong Kong International Airport,Sydney Kingsford Smith Airport,Air India,1,4:45 PM,8:00 AM,389,494151,NPR
New York,Seoul,2026-05-01,2026-05-11,John F. Kennedy International Airport,Incheon International Airport,Thai Airways,1,5:45 AM,5:45 PM,219,167308,NPR
Delhi,Singapore,2026-12-18,2026-12-25,Indira Gandhi International Airport,Changi Airport,Qatar Airways,1,6:15 PM,1:15 PM,285,373232,NPR
Tokyo,Hong Kong,2026-05-11,2026-05-21,Narita International Airport,Hong Kong International Airport,Air India,1,9:00 PM,11:45 AM,516,298237,NPR
Dubai,Tokyo,2026-11-24,2026-12-01,Dubai International Airport,Narita International Airport,Korean Air,0,5:30 AM,1:15 PM,746,216931,NPR
Doha,Shanghai,2026-08-06,2026-08-11,Hamad International Airport,Shanghai Pudong International Airport,British Airways,1,6:45 AM,11:30 AM,666,283752,NPR
Kathmandu,Dubai,2026-06-19,2026-06-30,Tribhuvan International Airport,Dubai International Airport,Japan Airlines,1,2:30 AM,11:45 AM,1298,397235,NPR
Kathmandu,Shanghai,2026-12-11,2026-12-20,Tribhuvan International Airport,Shanghai Pudong International Airport,Malaysia Airlines,2,8:00 AM,3:45 AM,907,378914,NPR
Singapore,Amsterdam,2026-09-08,2026-09-14,Changi Airport,Amsterdam Schiphol Airport,China Southern,2,6:30 AM,1:45 AM,203,595175,NPR
Kuala Lumpur,Dubai,2026-11-01,2026-11-09,Kuala Lumpur International Airport,Dubai International Airport,Etihad Airways,1,2:30 AM,7:30 PM,455,364910,NPR
Kuala Lumpur,Los Angeles,2026-10-18,2026-10-29,Kuala Lumpur International Airport,Los Angeles International Airport,Japan Airlines,1,10:30 PM,5:15 PM,592,490869,NPR
Paris,Frankfurt,2026-10-21,2026-10-28,Charles de Gaulle Airport,Frankfurt Airport,ANA,1,5:00 PM,9:30 AM,630,500770,NPR
Hong Kong,Amsterdam,2026-10-15,2026-10-25,Hong Kong International Airport,Amsterdam Schiphol Airport,Air France,1,2:15 PM,4:45 PM,547,138914,NPR
New York,Rome,2026-10-17,2026-10-31,John F. Kennedy International Airport,Leonardo da Vinci International Airport,Japan Airlines,0,7:30 AM,7:15 AM,501,75611,NPR
Kathmandu,Sydney,2026-08-30,2026-09-13,Tribhuvan International Airport,Sydney Kingsford Smith Airport,Singapore Airlines,1,1:15 PM,10:45 PM,1212,469066,NPR
London,Beijing,2026-10-15,2026-10-20,Heathrow Airport,Beijing Capital International Airport,Cathay Pacific,1,7:15 AM,10:45 PM,302,311303,NPR
Delhi,Istanbul,2026-06-04,2026-06-16,Indira Gandhi International Airport,Istanbul Airport,flydubai and Emirates,2,7:30 PM,2:45 PM,1113,216889,NPR
Doha,Hong Kong,2026-08-30,2026-09-11,Hamad International Airport,Hong Kong International Airport,Lufthansa,1,8:30 PM,4:45 PM,689,337936,NPR
Bangkok,Shanghai,2026-10-30,2026-11-08,Suvarnabhumi Airport,Shanghai Pudong International Airport,Turkish Airlines,1,10:30 AM,5:00 PM,483,208157,NPR
London,Frankfurt,2026-10-25,2026-11-01,Heathrow Airport,Frankfurt Airport,Air India,0,1:45 PM,10:45 AM,1051,115290,NPR
London,Hong Kong,2026-08-16,2026-08-27,Heathrow Airport,Hong Kong International Airport,Emirates,2,12:45 PM,12:30 AM,811,458930,NPR
Singapore,Rome,2026-11-08,2026-11-21,Changi Airport,Leonardo da Vinci International Airport,Turkish Airlines,1,7:30 AM,1:45 PM,259,457746,NPR
Tokyo,Dubai,2026-10-21,2026-11-01,Narita International Airport,Dubai International Airport,Malaysia Airlines,1,4:00 AM,12:00 PM,371,499433,NPR
Dubai,Hong Kong,2026-08-27,2026-09-03,Dubai International Airport,Hong Kong International Airport,Qatar Airways,1,12:30 PM,6:45 AM,869,403894,NPR
Singapore,Los Angeles,2026-11-09,2026-11-20,Changi Airport,Los Angeles International Airport,Lufthansa,0,3:00 PM,11:00 PM,916,285113,NPR
Paris,Shanghai,2026-11-16,2026-11-21,Charles de Gaulle Airport,Shanghai Pudong International Airport,Emirates,1,6:00 AM,7:15 PM,688,182352,NPR
Bangkok,Dubai,2026-05-30,2026-06-13,Suvarnabhumi Airport,Dubai International Airport,Air India,1,10:30 PM,11:15 AM,434,221720,NPR
New York,Shanghai,2026-09-26,2026-10-01,John F. Kennedy International Airport,Shanghai Pudong International Airport,ANA,2,9:45 PM,12:15 PM,355,304646,NPR
Delhi,Singapore,2026-11-14,2026-11-23,Indira Gandhi International Airport,Changi Airport,Cathay Pacific,2,1:30 AM,5:45 PM,958,122306,NPR
Kuala Lumpur,Dubai,2026-07-27,2026-08-01,Kuala Lumpur International Airport,Dubai International Airport,Korean Air,1,3:45 AM,11:45 AM,513,506641,NPR
Dubai,Singapore,2026-09-11,2026-09-20,Dubai International Airport,Changi Airport,British Airways,1,1:30 PM,10:15 AM,377,342477,NPR
Bangkok,Sydney,2026-11-09,2026-11-21,Suvarnabhumi Airport,Sydney Kingsford Smith Airport,China Southern,1,12:45 AM,10:15 AM,1198,272423,NPR
Tokyo,Los Angeles,2026-07-27,2026-08-05,Narita International Airport,Los Angeles International Airport,Lufthansa,2,12:15 AM,2:15 AM,1032,562311,NPR
Kuala Lumpur,Tokyo,2026-07-01,2026-07-13,Kuala Lumpur International Airport,Narita International Airport,British Airways,1,12:00 AM,9:15 AM,1028,305123,NPR
New York,Dubai,2026-09-26,2026-10-06,John F. Kennedy International Airport,Dubai International Airport,British Airways,2,4:30 PM,1:30 PM,920,525786,NPR
New York,Los Angeles,2026-07-04,2026-07-12,John F. Kennedy International Airport,Los Angeles International Airport,Cathay Pacific,1,10:00 AM,11:15 PM,592,276895,NPR
Doha,Istanbul,2026-07-10,2026-07-24,Hamad International Airport,Istanbul Airport,flydubai and Emirates,2,9:00 AM,6:30 AM,665,428411,NPR
Dubai,Los Angeles,2026-05-04,2026-05-17,Dubai International Airport,Los Angeles International Airport,Thai Airways,1,1:00 AM,5:30 PM,458,564723,NPR
Delhi,Hong Kong,2026-05-04,2026-05-18,Indira Gandhi International Airport,Hong Kong International Airport,ANA,1,3:45 PM,10:15 AM,305,314742,NPR
Bangkok,Shanghai,2026-11-27,2026-12-03,Suvarnabhumi Airport,Shanghai Pudong International Airport,China Southern,1,2:00 AM,4:15 AM,822,139318,NPR
London,Shanghai,2026-09-20,2026-10-01,Heathrow Airport,Shanghai Pudong International Airport,Turkish Airlines,2,12:45 PM,2:30 PM,1078,370214,NPR
Hong Kong,Amsterdam,2026-05-16,2026-05-30,Hong Kong International Airport,Amsterdam Schiphol Airport,Cathay Pacific,1,8:15 PM,8:00 AM,521,301516,NPR
Dubai,Rome,2026-05-20,2026-05-27,Dubai International Airport,Leonardo da Vinci International Airport,Emirates,1,2:45 PM,9:00 AM,674,352099,NPR
Doha,Los Angeles,2026-10-27,2026-11-08,Hamad International Airport,Los Angeles International Airport,Singapore Airlines,1,8:15 AM,1:00 PM,660,206226,NPR
New York,Hong Kong,2026-06-06,2026-06-12,John F. Kennedy International Airport,Hong Kong International Airport,Qatar Airways,1,9:30 AM,2:00 PM,1159,368862,NPR
Doha,Frankfurt,2026-12-28,2027-01-06,Hamad International Airport,Frankfurt Airport,flydubai and Emirates,2,3:45 PM,2:00 AM,1084,387978,NPR
Hong Kong,Los Angeles,2026-05-07,2026-05-13,Hong Kong International Airport,Los Angeles International Airport,Turkish Airlines,2,6:00 PM,9:30 PM,282,233700,NPR
Bangkok,Rome,2026-10-14,2026-10-26,Suvarnabhumi Airport,Leonardo da Vinci International Airport,Lufthansa,1,6:45 PM,8:45 PM,386,542841,NPR
Tokyo,Frankfurt,2026-07-25,2026-08-04,Narita International Airport,Frankfurt Airport,Cathay Pacific,1,10:45 AM,10:45 PM,790,469904,NPR
Kuala Lumpur,Seoul,2026-08-25,2026-08-31,Kuala Lumpur International Airport,Incheon International Airport,Japan Airlines,1,10:00 AM,12:00 PM,1146,483321,NPR
Kathmandu,Sydney,2026-09-10,2026-09-20,Tribhuvan International Airport,Sydney Kingsford Smith Airport,British Airways,1,1:15 AM,8:15 AM,789,509398,NPR
Doha,Istanbul,2026-06-01,2026-06-06,Hamad International Airport,Istanbul Airport,Turkish Airlines,1,9:00 AM,5:45 PM,390,285615,NPR
Delhi,Istanbul,2026-12-29,2027-01-04,Indira Gandhi International Airport,Istanbul Airport,Thai Airways,1,10:30 PM,4:30 PM,1050,555937,NPR
Bangkok,Sydney,2026-08-25,2026-09-07,Suvarnabhumi Airport,Sydney Kingsford Smith Airport,Thai Airways,1,6:15 AM,2:30 AM,1049,406385,NPR
Kuala Lumpur,Los Angeles,2026-11-27,2026-12-02,Kuala Lumpur International Airport,Los Angeles International Airport,ANA,1,6:45 PM,4:45 AM,1191,411888,NPR
Tokyo,Rome,2026-11-12,2026-11-25,Narita International Airport,Leonardo da Vinci International Airport,China Southern,1,10:15 AM,10:15 PM,984,294907,NPR
Singapore,Seoul,2026-07-21,2026-08-02,Changi Airport,Incheon International Airport,China Southern,1,9:15 PM,3:00 PM,458,576690,NPR
Hong Kong,Toronto,2026-12-09,2026-12-15,Hong Kong International Airport,Toronto Pearson International Airport,Air France,0,4:45 PM,12:15 AM,1039,211859,NPR
Delhi,Istanbul,2026-11-17,2026-11-26,Indira Gandhi International Airport,Istanbul Airport,Japan Airlines,2,10:45 PM,8:00 PM,872,448468,NPR
Tokyo,Dubai,2026-10-31,2026-11-12,Narita International Airport,Dubai International Airport,Qatar Airways,2,2:15 AM,8:30 PM,665,144769,NPR
Singapore,Shanghai,2026-11-11,2026-11-17,Changi Airport,Shanghai Pudong International Airport,Air France,1,10:30 PM,12:00 AM,864,108845,NPR
New York,Toronto,2026-08-04,2026-08-15,John F. Kennedy International Airport,Toronto Pearson International Airport,Thai Airways,1,4:45 PM,6:15 PM,548,233573,NPR
Delhi,Amsterdam,2026-12-09,2026-12-20,Indira Gandhi International Airport,Amsterdam Schiphol Airport,Turkish Airlines,1,6:15 PM,7:45 AM,720,531894,NPR
New York,Dubai,2026-05-03,2026-05-15,John F. Kennedy International Airport,Dubai International Airport,ANA,2,5:00 AM,2:30 PM,812,494920,NPR
Doha,Los Angeles,2026-08-25,2026-09-03,Hamad International Airport,Los Angeles International Airport,Air India,1,3:00 PM,7:45 AM,935,360244,NPR
Doha,Los Angeles,2026-05-06,2026-05-17,Hamad International Airport,Los Angeles International Airport,Lufthansa,0,6:00 PM,7:45 PM,786,291296,NPR
Hong Kong,Tokyo,2026-07-30,2026-08-07,Hong Kong International Airport,Narita International Airport,Air India,2,8:15 AM,8:00 PM,280,373939,NPR
Bangkok,Seoul,2026-09-26,2026-10-06,Suvarnabhumi Airport,Incheon International Airport,Thai Airways,0,9:30 AM,11:45 PM,559,260548,NPR
Dubai,Tokyo,2026-09-16,2026-09-26,Dubai International Airport,Narita International Airport,flydubai and Emirates,2,8:15 AM,8:45 AM,804,405168,NPR
Delhi,Istanbul,2026-05-20,2026-05-27,Indira Gandhi International Airport,Istanbul Airport,Turkish Airlines,1,5:30 PM,2:45 AM,228,327304,NPR
Kuala Lumpur,Shanghai,2026-08-25,2026-09-04,Kuala Lumpur International Airport,Shanghai Pudong International Airport,Lufthansa,2,12:30 PM,3:15 AM,1165,76240,NPR
Hong Kong,Rome,2026-07-23,2026-08-06,Hong Kong International Airport,Leonardo da Vinci International Airport,Turkish Airlines,0,8:45 PM,10:30 PM,1036,172343,NPR
Dubai,Seoul,2026-12-29,2027-01-03,Dubai International Airport,Incheon International Airport,ANA,1,3:00 AM,7:15 AM,995,525679,NPR
Tokyo,Dubai,2026-12-30,2027-01-12,Narita International Airport,Dubai International Airport,Korean Air,2,11:15 PM,1:00 PM,1202,477940,NPR
New York,Seoul,2026-10-24,2026-11-03,John F. Kennedy International Airport,Incheon International Airport,Air India,1,2:15 PM,11:00 AM,952,426096,NPR
Kathmandu,Frankfurt,2026-07-10,2026-07-18,Tribhuvan International Airport,Frankfurt Airport,Cathay Pacific,1,2:15 AM,8:00 PM,303,399709,NPR
London,Beijing,2026-11-18,2026-12-02,Heathrow Airport,Beijing Capital International Airport,Air India,0,5:15 PM,6:15 PM,677,394519,NPR
Dubai,Tokyo,2026-12-17,2026-12-31,Dubai International Airport,Narita International Airport,Emirates,1,4:15 AM,5:30 PM,557,165266,NPR
Paris,Hong Kong,2026-05-07,2026-05-14,Charles de Gaulle Airport,Hong Kong International Airport,Emirates,1,7:30 AM,12:15 AM,743,104944,NPR
Dubai,Singapore,2026-08-16,2026-08-29,Dubai International Airport,Changi Airport,Cathay Pacific,0,3:45 PM,11:00 AM,1125,578313,NPR
London,Amsterdam,2026-05-12,2026-05-25,Heathrow Airport,Amsterdam Schiphol Airport,ANA,1,8:00 PM,1:45 AM,1022,496980,NPR
Paris,Shanghai,2026-09-03,2026-09-15,Charles de Gaulle Airport,Shanghai Pudong International Airport,Singapore Airlines,0,10:15 AM,2:15 AM,763,390981,NPR
Singapore,Amsterdam,2026-09-13,2026-09-22,Changi Airport,Amsterdam Schiphol Airport,Air France,2,7:45 PM,3:00 AM,640,500961,NPR
Bangkok,Sydney,2026-08-14,2026-08-24,Suvarnabhumi Airport,Sydney Kingsford Smith Airport,Air France,1,1:00 PM,10:45 AM,840,317271,NPR
Tokyo,Beijing,2026-10-23,2026-11-04,Narita International Airport,Beijing Capital International Airport,Singapore Airlines,0,2:00 AM,1:00 PM,963,186435,NPR
Kuala Lumpur,Seoul,2026-09-28,2026-10-11,Kuala Lumpur International Airport,Incheon International Airport,Japan Airlines,0,1:30 PM,9:45 PM,305,351601,NPR
Hong Kong,Los Angeles,2026-07-30,2026-08-05,Hong Kong International Airport,Los Angeles International Airport,flydubai and Emirates,1,4:45 AM,7:00 AM,917,435415,NPR
Delhi,Tokyo,2026-07-11,2026-07-25,Indira Gandhi International Airport,Narita International Airport,Turkish Airlines,1,5:00 PM,7:30 PM,259,239179,NPR
New York,Singapore,2026-11-12,2026-11-21,John F. Kennedy International Airport,Changi Airport,Japan Airlines,1,12:15 AM,4:45 AM,342,198766,NPR
Doha,Dubai,2026-05-08,2026-05-14,Hamad International Airport,Dubai International Airport,flydubai and Emirates,1,12:45 PM,2:30 PM,522,438028,NPR
New York,Singapore,2026-07-23,2026-08-06,John F. Kennedy International Airport,Changi Airport,Singapore Airlines,0,4:15 AM,7:00 PM,367,335320,NPR
Bangkok,Dubai,2026-08-17,2026-08-29,Suvarnabhumi Airport,Dubai International Airport,Air France,1,8:15 AM,4:00 PM,906,500797,NPR
Delhi,Los Angeles,2026-10-21,2026-11-04,Indira Gandhi International Airport,Los Angeles International Airport,British Airways,2,9:30 PM,1:15 AM,1009,107443,NPR
Kathmandu,Sydney,2026-07-17,2026-07-25,Tribhuvan International Airport,Sydney Kingsford Smith Airport,Thai Airways,1,9:30 AM,3:00 AM,1218,501574,NPR
Dubai,Beijing,2026-08-06,2026-08-19,Dubai International Airport,Beijing Capital International Airport,Turkish Airlines,2,5:30 PM,2:45 AM,286,507409,NPR
Kathmandu,Istanbul,2026-12-22,2026-12-28,Tribhuvan International Airport,Istanbul Airport,Japan Airlines,2,1:45 PM,10:45 PM,792,170768,NPR
Singapore,Seoul,2026-07-23,2026-07-30,Changi Airport,Incheon International Airport,Air France,1,2:45 AM,3:15 AM,1092,469902,NPR
Kuala Lumpur,Shanghai,2026-08-10,2026-08-19,Kuala Lumpur International Airport,Shanghai Pudong International Airport,Japan Airlines,1,10:15 AM,2:00 AM,1286,584723,NPR
London,Tokyo,2026-07-29,2026-08-08,Heathrow Airport,Narita International Airport,Thai Airways,1,3:15 AM,8:15 AM,555,210295,NPR
Paris,Shanghai,2026-06-15,2026-06-27,Charles de Gaulle Airport,Shanghai Pudong International Airport,Air France,2,6:45 PM,9:30 PM,847,208290,NPR
Bangkok,Shanghai,2026-08-29,2026-09-10,Suvarnabhumi Airport,Shanghai Pudong International Airport,ANA,1,6:00 PM,11:00 AM,835,534172,NPR
Bangkok,Seoul,2026-05-15,2026-05-25,Suvarnabhumi Airport,Incheon International Airport,ANA,0,8:00 PM,7:45 PM,1147,93015,NPR
Bangkok,Tokyo,2026-09-24,2026-10-02,Suvarnabhumi Airport,Narita International Airport,Japan Airlines,2,3:15 PM,1:45 AM,411,410120,NPR
Doha,Shanghai,2026-09-07,2026-09-14,Hamad International Airport,Shanghai Pudong International Airport,Qatar Airways,1,10:45 PM,2:15 PM,945,440963,NPR
New York,Frankfurt,2026-08-13,2026-08-23,John F. Kennedy International Airport,Frankfurt Airport,Qatar Airways,1,2:30 AM,3:45 AM,781,314236,NPR
Doha,Hong Kong,2026-10-16,2026-10-30,Hamad International Airport,Hong Kong International Airport,Thai Airways,1,2:15 AM,11:30 AM,1002,185215,NPR
Hong Kong,Singapore,2026-12-27,2027-01-02,Hong Kong International Airport,Changi Airport,ANA,2,12:30 PM,4:00 AM,1067,583188,NPR
Tokyo,Seoul,2026-08-01,2026-08-10,Narita International Airport,Incheon International Airport,Malaysia Airlines,1,10:45 AM,6:15 AM,481,212471,NPR
Delhi,Los Angeles,2026-12-03,2026-12-09,Indira Gandhi International Airport,Los Angeles International Airport,flydubai and Emirates,2,11:00 PM,9:30 PM,468,445019,NPR
Dubai,Beijing,2026-06-16,2026-06-30,Dubai International Airport,Beijing Capital International Airport,Malaysia Airlines,1,1:45 AM,11:15 AM,1109,348768,NPR
Doha,Tokyo,2026-08-23,2026-08-31,Hamad International Airport,Narita International Airport,Turkish Airlines,1,3:15 PM,11:45 AM,1145,345459,NPR
Singapore,Rome,2026-09-13,2026-09-24,Changi Airport,Leonardo da Vinci International Airport,Malaysia Airlines,1,7:15 PM,8:00 AM,1184,439244,NPR
Kuala Lumpur,Shanghai,2026-10-30,2026-11-12,Kuala Lumpur International Airport,Shanghai Pudong International Airport,Cathay Pacific,1,2:15 AM,8:45 AM,1251,204506,NPR
Singapore,Shanghai,2026-12-29,2027-01-06,Changi Airport,Shanghai Pudong International Airport,Air France,1,12:45 AM,1:45 AM,1228,442127,NPR
London,Frankfurt,2026-05-21,2026-05-31,Heathrow Airport,Frankfurt Airport,Turkish Airlines,0,10:00 AM,10:30 PM,499,194283,NPR
Kathmandu,Los Angeles,2026-12-21,2027-01-02,Tribhuvan International Airport,Los Angeles International Airport,Thai Airways,1,2:00 PM,2:00 AM,724,276130,NPR
Dubai,Rome,2026-12-27,2027-01-10,Dubai International Airport,Leonardo da Vinci International Airport,flydubai and Emirates,1,3:30 AM,7:30 AM,449,100068,NPR
London,Frankfurt,2026-10-11,2026-10-25,Heathrow Airport,Frankfurt Airport,Air France,0,3:45 AM,7:00 PM,1255,303690,NPR
Doha,Beijing,2026-07-14,2026-07-25,Hamad International Airport,Beijing Capital International Airport,Emirates,2,11:15 AM,6:45 PM,583,139772,NPR
Kuala Lumpur,Toronto,2026-05-18,2026-05-31,Kuala Lumpur International Airport,Toronto Pearson International Airport,flydubai and Emirates,2,5:00 PM,12:45 PM,289,455674,NPR
Tokyo,Los Angeles,2026-11-08,2026-11-13,Narita International Airport,Los Angeles International Airport,Etihad Airways,0,11:15 AM,11:00 PM,880,189890,NPR
Kathmandu,Toronto,2026-09-17,2026-09-27,Tribhuvan International Airport,Toronto Pearson International Airport,Malaysia Airlines,1,10:45 PM,8:15 PM,476,116165,NPR
Doha,Tokyo,2026-12-28,2027-01-09,Hamad International Airport,Narita International Airport,Qatar Airways,1,6:00 AM,6:00 AM,846,375138,NPR
Kuala Lumpur,Frankfurt,2026-11-25,2026-12-08,Kuala Lumpur International Airport,Frankfurt Airport,British Airways,1,1:15 AM,9:30 AM,297,398048,NPR
New York,Shanghai,2026-11-21,2026-12-01,John F. Kennedy International Airport,Shanghai Pudong International Airport,Korean Air,1,11:45 PM,12:30 PM,582,570306,NPR
Doha,Istanbul,2026-08-03,2026-08-16,Hamad International Airport,Istanbul Airport,Lufthansa,0,11:45 PM,2:45 AM,569,358036,NPR
Tokyo,Shanghai,2026-05-21,2026-05-31,Narita International Airport,Shanghai Pudong International Airport,ANA,1,2:45 PM,5:45 AM,919,518849,NPR
Kathmandu,Singapore,2026-12-09,2026-12-19,Tribhuvan International Airport,Changi Airport,Korean Air,1,8:00 PM,2:45 AM,944,588009,NPR
Doha,Dubai,2026-06-10,2026-06-15,Hamad International Airport,Dubai International Airport,Thai Airways,2,9:45 PM,1:15 AM,337,297459,NPR
Paris,Toronto,2026-08-01,2026-08-12,Charles de Gaulle Airport,Toronto Pearson International Airport,Qatar Airways,2,4:45 AM,11:30 AM,1109,130620,NPR
Hong Kong,Beijing,2026-09-13,2026-09-23,Hong Kong International Airport,Beijing Capital International Airport,China Southern,1,8:30 PM,7:00 AM,253,245085,NPR
Bangkok,Rome,2026-08-08,2026-08-21,Suvarnabhumi Airport,Leonardo da Vinci International Airport,Cathay Pacific,1,8:45 AM,6:30 AM,1205,259902,NPR
Delhi,Beijing,2026-12-05,2026-12-11,Indira Gandhi International Airport,Beijing Capital International Airport,Air France,1,10:45 PM,2:30 AM,911,118093,NPR
Kuala Lumpur,Rome,2026-07-14,2026-07-23,Kuala Lumpur International Airport,Leonardo da Vinci International Airport,Malaysia Airlines,1,11:15 AM,3:15 AM,484,298235,NPR
Bangkok,Seoul,2026-08-01,2026-08-14,Suvarnabhumi Airport,Incheon International Airport,Etihad Airways,1,5:15 PM,7:00 PM,334,374314,NPR
Singapore,Istanbul,2026-09-12,2026-09-23,Changi Airport,Istanbul Airport,Korean Air,2,2:15 AM,10:00 AM,1121,538461,NPR
Paris,Rome,2026-07-28,2026-08-04,Charles de Gaulle Airport,Leonardo da Vinci International Airport,Malaysia Airlines,1,1:00 PM,3:15 AM,822,222655,NPR
Dubai,Toronto,2026-12-26,2027-01-03,Dubai International Airport,Toronto Pearson International Airport,Etihad Airways,2,9:00 AM,8:15 AM,762,181250,NPR
Paris,Los Angeles,2026-10-05,2026-10-18,Charles de Gaulle Airport,Los Angeles International Airport,Singapore Airlines,2,8:15 PM,6:15 PM,550,404019,NPR
Hong Kong,Seoul,2026-11-28,2026-12-03,Hong Kong International Airport,Incheon International Airport,Singapore Airlines,0,8:30 PM,8:15 PM,1053,81757,NPR
Bangkok,Dubai,2026-09-17,2026-09-26,Suvarnabhumi Airport,Dubai International Airport,ANA,1,7:45 AM,9:45 AM,349,112823,NPR
Dubai,Istanbul,2026-08-15,2026-08-27,Dubai International Airport,Istanbul Airport,Air France,1,10:15 AM,10:30 AM,907,468084,NPR
Dubai,Tokyo,2026-08-03,2026-08-16,Dubai International Airport,Narita International Airport,Cathay Pacific,1,7:45 AM,3:30 AM,1120,309961,NPR
Dubai,Shanghai,2026-05-13,2026-05-22,Dubai International Airport,Shanghai Pudong International Airport,China Southern,2,1:15 PM,5:30 AM,840,249055,NPR
Dubai,Istanbul,2026-09-09,2026-09-21,Dubai International Airport,Istanbul Airport,British Airways,1,3:00 PM,2:45 AM,1235,529441,NPR
London,Sydney,2026-09-27,2026-10-07,Heathrow Airport,Sydney Kingsford Smith Airport,Qatar Airways,0,9:45 AM,7:45 PM,785,58574,NPR
Delhi,Frankfurt,2026-06-04,2026-06-13,Indira Gandhi International Airport,Frankfurt Airport,Etihad Airways,1,11:00 AM,12:00 PM,598,430133,NPR
Kuala Lumpur,Los Angeles,2026-05-19,2026-05-30,Kuala Lumpur International Airport,Los Angeles International Airport,flydubai and Emirates,1,5:30 PM,7:00 PM,463,151377,NPR
Singapore,Toronto,2026-11-20,2026-11-30,Changi Airport,Toronto Pearson International Airport,Etihad Airways,1,6:45 AM,4:00 PM,292,90804,NPR
Dubai,Singapore,2026-07-25,2026-08-06,Dubai International Airport,Changi Airport,flydubai and Emirates,1,4:15 AM,10:30 AM,532,462042,NPR
Hong Kong,Singapore,2026-12-02,2026-12-11,Hong Kong International Airport,Changi Airport,Japan Airlines,2,4:45 PM,10:30 PM,1172,67445,NPR
Tokyo,Toronto,2026-10-20,2026-10-26,Narita International Airport,Toronto Pearson International Airport,Korean Air,2,9:00 AM,7:45 PM,743,288596,NPR
Doha,Seoul,2026-09-27,2026-10-09,Hamad International Airport,Incheon International Airport,Malaysia Airlines,2,8:45 PM,4:15 AM,264,165233,NPR
London,Seoul,2026-08-21,2026-08-31,Heathrow Airport,Incheon International Airport,Korean Air,1,1:15 PM,1:45 PM,327,194789,NPR
Kuala Lumpur,Sydney,2026-09-21,2026-10-01,Kuala Lumpur International Airport,Sydney Kingsford Smith Airport,British Airways,2,12:30 PM,5:45 AM,1291,408955,NPR
Kuala Lumpur,Toronto,2026-10-21,2026-10-30,Kuala Lumpur International Airport,Toronto Pearson International Airport,British Airways,1,7:30 AM,5:30 PM,660,362071,NPR
New York,Singapore,2026-06-23,2026-07-05,John F. Kennedy International Airport,Changi Airport,Japan Airlines,1,11:30 AM,9:00 AM,977,463697,NPR
Tokyo,Beijing,2026-07-14,2026-07-19,Narita International Airport,Beijing Capital International Airport,ANA,0,11:45 AM,8:30 PM,1181,274381,NPR
London,Hong Kong,2026-09-15,2026-09-24,Heathrow Airport,Hong Kong International Airport,Lufthansa,1,3:15 AM,7:00 AM,1287,286633,NPR
Paris,Sydney,2026-05-14,2026-05-20,Charles de Gaulle Airport,Sydney Kingsford Smith Airport,Korean Air,1,10:45 PM,3:15 AM,210,215613,NPR
Singapore,Dubai,2026-12-26,2027-01-07,Changi Airport,Dubai International Airport,British Airways,1,9:30 AM,9:00 AM,383,293500,NPR
Kuala Lumpur,Singapore,2026-11-02,2026-11-07,Kuala Lumpur International Airport,Changi Airport,Malaysia Airlines,1,5:00 AM,12:45 PM,581,353528,NPR
Kathmandu,Seoul,2026-07-16,2026-07-30,Tribhuvan International Airport,Incheon International Airport,Cathay Pacific,1,9:45 AM,8:45 PM,474,578705,NPR
Bangkok,Los Angeles,2026-06-19,2026-06-25,Suvarnabhumi Airport,Los Angeles International Airport,Japan Airlines,1,11:45 PM,8:30 PM,581,64768,NPR
Doha,Toronto,2026-11-19,2026-11-28,Hamad International Airport,Toronto Pearson International Airport,Air India,1,7:45 PM,1:30 PM,377,470304,NPR
Paris,Shanghai,2026-06-17,2026-06-24,Charles de Gaulle Airport,Shanghai Pudong International Airport,British Airways,1,7:00 AM,8:45 AM,682,518436,NPR
New York,Toronto,2026-07-17,2026-07-31,John F. Kennedy International Airport,Toronto Pearson International Airport,Emirates,1,8:30 PM,10:15 PM,327,173967,NPR
Bangkok,Los Angeles,2026-06-10,2026-06-21,Suvarnabhumi Airport,Los Angeles International Airport,flydubai and Emirates,1,10:00 PM,8:30 PM,952,281577,NPR
London,Beijing,2026-08-31,2026-09-07,Heathrow Airport,Beijing Capital International Airport,Air France,2,11:45 AM,10:45 PM,1300,279021,NPR
London,Dubai,2026-11-10,2026-11-24,Heathrow Airport,Dubai International Airport,Singapore Airlines,2,2:30 PM,2:00 AM,326,580041,NPR
London,Amsterdam,2026-09-15,2026-09-22,Heathrow Airport,Amsterdam Schiphol Airport,Malaysia Airlines,1,4:45 PM,3:15 AM,1201,145359,NPR
Kuala Lumpur,Istanbul,2026-11-24,2026-11-29,Kuala Lumpur International Airport,Istanbul Airport,Air France,1,4:45 PM,2:00 PM,1146,373139,NPR
Doha,Seoul,2026-08-10,2026-08-19,Hamad International Airport,Incheon International Airport,Emirates,1,6:00 PM,1:45 AM,905,116857,NPR
Kuala Lumpur,Seoul,2026-12-26,2027-01-01,Kuala Lumpur International Airport,Incheon International Airport,British Airways,0,9:45 AM,5:15 AM,1060,442650,NPR
Singapore,Istanbul,2026-12-09,2026-12-20,Changi Airport,Istanbul Airport,China Southern,0,9:15 PM,8:30 PM,442,237143,NPR
Kuala Lumpur,Frankfurt,2026-09-13,2026-09-20,Kuala Lumpur International Airport,Frankfurt Airport,Turkish Airlines,0,12:30 AM,2:45 PM,1289,447700,NPR
London,Sydney,2026-08-26,2026-09-05,Heathrow Airport,Sydney Kingsford Smith Airport,Thai Airways,1,6:00 AM,1:45 AM,232,302356,NPR
London,Shanghai,2026-05-26,2026-06-09,Heathrow Airport,Shanghai Pudong International Airport,Qatar Airways,1,7:00 PM,7:00 AM,1023,510285,NPR
London,Rome,2026-06-25,2026-06-30,Heathrow Airport,Leonardo da Vinci International Airport,Thai Airways,2,9:15 AM,11:30 PM,856,298411,NPR
New York,Beijing,2026-10-17,2026-10-30,John F. Kennedy International Airport,Beijing Capital International Airport,Turkish Airlines,1,9:30 AM,1:15 AM,1074,569696,NPR
Kathmandu,Toronto,2026-12-28,2027-01-08,Tribhuvan International Airport,Toronto Pearson International Airport,flydubai and Emirates,1,10:45 PM,1:15 PM,814,444747,NPR
Dubai,Tokyo,2026-09-15,2026-09-27,Dubai International Airport,Narita International Airport,Turkish Airlines,1,9:15 AM,2:00 PM,1045,486740,NPR
Kuala Lumpur,Rome,2026-06-04,2026-06-15,Kuala Lumpur International Airport,Leonardo da Vinci International Airport,Turkish Airlines,1,6:30 AM,8:00 PM,1121,439102,NPR
Delhi,Rome,2026-11-02,2026-11-10,Indira Gandhi International Airport,Leonardo da Vinci International Airport,Qatar Airways,1,12:00 PM,2:15 AM,644,552681,NPR
London,Hong Kong,2026-12-19,2026-12-29,Heathrow Airport,Hong Kong International Airport,ANA,0,6:15 AM,11:00 PM,1180,304377,NPR
Doha,Amsterdam,2026-10-28,2026-11-05,Hamad International Airport,Amsterdam Schiphol Airport,China Southern,1,5:30 PM,9:45 AM,1154,426710,NPR
New York,Los Angeles,2026-08-01,2026-08-14,John F. Kennedy International Airport,Los Angeles International Airport,British Airways,1,3:45 AM,10:15 AM,959,378122,NPR
Singapore,Seoul,2026-09-22,2026-09-30,Changi Airport,Incheon International Airport,Thai Airways,0,8:45 AM,9:15 AM,601,395888,NPR
London,Frankfurt,2026-09-23,2026-10-01,Heathrow Airport,Frankfurt Airport,British Airways,2,8:30 PM,8:45 AM,1204,533214,NPR
Dubai,Singapore,2026-11-20,2026-11-30,Dubai International Airport,Changi Airport,Malaysia Airlines,1,11:45 PM,5:00 AM,1273,85466,NPR
Delhi,Hong Kong,2026-10-19,2026-10-24,Indira Gandhi International Airport,Hong Kong International Airport,Emirates,1,4:15 AM,2:15 AM,218,279344,NPR
Kuala Lumpur,Istanbul,2026-08-04,2026-08-09,Kuala Lumpur International Airport,Istanbul Airport,British Airways,1,12:00 AM,5:45 PM,224,67538,NPR
Kuala Lumpur,Singapore,2026-07-10,2026-07-23,Kuala Lumpur International Airport,Changi Airport,ANA,0,4:45 PM,5:00 AM,397,599857,NPR
Dubai,Sydney,2026-06-19,2026-07-03,Dubai International Airport,Sydney Kingsford Smith Airport,flydubai and Emirates,1,11:30 AM,12:00 PM,964,475750,NPR
Bangkok,Amsterdam,2026-07-02,2026-07-10,Suvarnabhumi Airport,Amsterdam Schiphol Airport,ANA,0,8:00 PM,2:45 AM,976,445490,NPR
Kuala Lumpur,Istanbul,2026-05-15,2026-05-20,Kuala Lumpur International Airport,Istanbul Airport,Malaysia Airlines,0,3:45 PM,8:30 PM,395,94618,NPR
London,Sydney,2026-12-17,2026-12-31,Heathrow Airport,Sydney Kingsford Smith Airport,British Airways,1,1:00 AM,9:30 PM,267,238066,NPR
Tokyo,Seoul,2026-06-23,2026-07-07,Narita International Airport,Incheon International Airport,Thai Airways,1,2:30 AM,5:15 AM,996,397843,NPR
Singapore,Tokyo,2026-11-06,2026-11-13,Changi Airport,Narita International Airport,Singapore Airlines,2,11:30 PM,1:00 AM,1095,293420,NPR
Delhi,Toronto,2026-10-02,2026-10-16,Indira Gandhi International Airport,Toronto Pearson International Airport,China Southern,1,12:30 AM,2:45 PM,667,423095,NPR
Kuala Lumpur,Frankfurt,2026-08-19,2026-08-26,Kuala Lumpur International Airport,Frankfurt Airport,China Southern,0,7:30 PM,7:00 AM,368,330989,NPR
Dubai,Frankfurt,2026-10-30,2026-11-06,Dubai International Airport,Frankfurt Airport,China Southern,1,11:00 AM,2:00 AM,831,516339,NPR
Tokyo,Los Angeles,2026-05-27,2026-06-03,Narita International Airport,Los Angeles International Airport,Singapore Airlines,1,1:45 PM,5:45 PM,411,77537,NPR
Delhi,Toronto,2026-09-19,2026-09-25,Indira Gandhi International Airport,Toronto Pearson International Airport,Japan Airlines,1,12:30 AM,1:45 PM,373,304533,NPR
Hong Kong,Rome,2026-06-13,2026-06-24,Hong Kong International Airport,Leonardo da Vinci International Airport,Malaysia Airlines,1,8:30 AM,8:45 AM,498,116340,NPR
Dubai,Frankfurt,2026-07-10,2026-07-21,Dubai International Airport,Frankfurt Airport,ANA,1,2:30 AM,8:15 AM,1215,255047,NPR
Bangkok,Shanghai,2026-06-04,2026-06-13,Suvarnabhumi Airport,Shanghai Pudong International Airport,Emirates,1,10:45 AM,10:45 AM,885,501533,NPR
Paris,Amsterdam,2026-06-04,2026-06-13,Charles de Gaulle Airport,Amsterdam Schiphol Airport,Japan Airlines,2,10:15 PM,3:30 PM,563,467584,NPR
Tokyo,Los Angeles,2026-11-05,2026-11-17,Narita International Airport,Los Angeles International Airport,Turkish Airlines,1,12:30 PM,12:30 PM,433,259505,NPR
Hong Kong,Rome,2026-06-16,2026-06-29,Hong Kong International Airport,Leonardo da Vinci International Airport,Emirates,1,10:15 PM,2:30 PM,341,479016,NPR
Paris,Istanbul,2026-06-05,2026-06-14,Charles de Gaulle Airport,Istanbul Airport,Turkish Airlines,1,9:15 PM,10:45 PM,972,127558,NPR
Bangkok,Amsterdam,2026-08-31,2026-09-14,Suvarnabhumi Airport,Amsterdam Schiphol Airport,China Southern,2,4:45 PM,5:00 PM,936,139110,NPR
Delhi,Tokyo,2026-07-03,2026-07-13,Indira Gandhi International Airport,Narita International Airport,Malaysia Airlines,2,1:45 AM,10:45 AM,416,61060,NPR
Delhi,Los Angeles,2026-06-26,2026-07-09,Indira Gandhi International Airport,Los Angeles International Airport,flydubai and Emirates,2,6:15 PM,2:30 PM,1001,535556,NPR
Paris,Amsterdam,2026-10-24,2026-11-06,Charles de Gaulle Airport,Amsterdam Schiphol Airport,Thai Airways,1,12:45 AM,3:30 AM,1051,140025,NPR
Delhi,Hong Kong,2026-12-27,2027-01-03,Indira Gandhi International Airport,Hong Kong International Airport,Etihad Airways,1,10:45 AM,6:45 AM,913,549292,NPR
Delhi,Istanbul,2026-11-01,2026-11-13,Indira Gandhi International Airport,Istanbul Airport,Japan Airlines,0,9:00 AM,10:00 PM,246,409743,NPR
Paris,Shanghai,2026-10-21,2026-10-28,Charles de Gaulle Airport,Shanghai Pudong International Airport,Turkish Airlines,2,5:15 AM,10:45 AM,1146,293118,NPR
Singapore,Dubai,2026-06-17,2026-06-24,Changi Airport,Dubai International Airport,Korean Air,1,12:15 AM,2:45 PM,996,54666,NPR
Doha,Sydney,2026-06-22,2026-07-01,Hamad International Airport,Sydney Kingsford Smith Airport,Singapore Airlines,2,3:15 AM,11:30 AM,603,529776,NPR
Delhi,Los Angeles,2026-10-19,2026-10-31,Indira Gandhi International Airport,Los Angeles International Airport,flydubai and Emirates,1,7:45 PM,7:45 PM,433,414825,NPR
Tokyo,Hong Kong,2026-08-26,2026-09-09,Narita International Airport,Hong Kong International Airport,Malaysia Airlines,1,7:00 PM,9:15 PM,841,173586,NPR
London,Los Angeles,2026-05-30,2026-06-06,Heathrow Airport,Los Angeles International Airport,Etihad Airways,1,4:45 PM,1:15 PM,985,493588,NPR
Dubai,Istanbul,2026-10-10,2026-10-23,Dubai International Airport,Istanbul Airport,Malaysia Airlines,2,5:45 AM,9:15 AM,583,379861,NPR
Bangkok,Amsterdam,2026-05-14,2026-05-24,Suvarnabhumi Airport,Amsterdam Schiphol Airport,Emirates,1,4:15 AM,12:45 PM,1037,565611,NPR
Singapore,Hong Kong,2026-08-22,2026-09-03,Changi Airport,Hong Kong International Airport,Malaysia Airlines,0,6:00 PM,7:30 AM,266,338204,NPR
London,Rome,2026-07-13,2026-07-20,Heathrow Airport,Leonardo da Vinci International Airport,Air France,2,11:45 PM,5:00 PM,433,330901,NPR
Kuala Lumpur,Hong Kong,2026-08-02,2026-08-15,Kuala Lumpur International Airport,Hong Kong International Airport,Qatar Airways,1,5:15 PM,1:00 PM,706,362170,NPR
Kathmandu,Istanbul,2026-07-07,2026-07-17,Tribhuvan International Airport,Istanbul Airport,Singapore Airlines,1,3:15 AM,6:30 AM,1076,224044,NPR
Hong Kong,Beijing,2026-11-17,2026-11-25,Hong Kong International Airport,Beijing Capital International Airport,Air India,0,6:30 PM,5:30 PM,544,389375,NPR
Doha,Los Angeles,2026-07-14,2026-07-28,Hamad International Airport,Los Angeles International Airport,Lufthansa,2,9:00 PM,4:45 AM,321,340794,NPR
Paris,Beijing,2026-10-27,2026-11-03,Charles de Gaulle Airport,Beijing Capital International Airport,Turkish Airlines,1,10:30 PM,7:45 AM,1202,199077,NPR
Hong Kong,Dubai,2026-07-08,2026-07-19,Hong Kong International Airport,Dubai International Airport,China Southern,1,2:00 AM,12:30 PM,955,526782,NPR
Bangkok,Toronto,2026-09-26,2026-10-01,Suvarnabhumi Airport,Toronto Pearson International Airport,Singapore Airlines,1,8:30 PM,2:45 AM,646,500513,NPR
London,Istanbul,2026-07-08,2026-07-18,Heathrow Airport,Istanbul Airport,ANA,1,5:15 PM,6:45 PM,903,100760,NPR
Kathmandu,Shanghai,2026-10-08,2026-10-20,Tribhuvan International Airport,Shanghai Pudong International Airport,Emirates,0,5:45 AM,2:00 PM,1076,262146,NPR
Doha,Beijing,2026-12-12,2026-12-21,Hamad International Airport,Beijing Capital International Airport,Malaysia Airlines,1,2:30 AM,8:00 AM,961,223565,NPR
Kathmandu,Frankfurt,2026-10-08,2026-10-17,Tribhuvan International Airport,Frankfurt Airport,Turkish Airlines,1,8:00 PM,10:00 PM,202,273788,NPR
Bangkok,Shanghai,2026-06-03,2026-06-17,Suvarnabhumi Airport,Shanghai Pudong International Airport,Turkish Airlines,2,9:45 PM,12:00 AM,903,176451,NPR
Singapore,Beijing,2026-08-31,2026-09-06,Changi Airport,Beijing Capital International Airport,Turkish Airlines,1,2:00 AM,3:30 AM,952,363791,NPR
Dubai,Frankfurt,2026-11-15,2026-11-22,Dubai International Airport,Frankfurt Airport,Thai Airways,0,4:00 PM,7:15 PM,1101,418247,NPR
Doha,Sydney,2026-10-08,2026-10-15,Hamad International Airport,Sydney Kingsford Smith Airport,Korean Air,2,9:45 PM,6:00 AM,405,196814,NPR
Delhi,Amsterdam,2026-11-03,2026-11-14,Indira Gandhi International Airport,Amsterdam Schiphol Airport,Etihad Airways,1,10:15 AM,7:30 AM,372,310221,NPR
Kuala Lumpur,Amsterdam,2026-10-01,2026-10-15,Kuala Lumpur International Airport,Amsterdam Schiphol Airport,ANA,0,9:30 PM,6:15 AM,1002,359898,NPR
Paris,Seoul,2026-11-17,2026-11-25,Charles de Gaulle Airport,Incheon International Airport,British Airways,1,3:15 AM,3:00 PM,1281,62653,NPR
Tokyo,Toronto,2026-06-03,2026-06-14,Narita International Airport,Toronto Pearson International Airport,Korean Air,1,5:15 PM,3:00 PM,234,120813,NPR
Kathmandu,Los Angeles,2026-06-25,2026-06-30,Tribhuvan International Airport,Los Angeles International Airport,Qatar Airways,1,4:30 PM,8:45 PM,1067,471818,NPR
Delhi,Dubai,2026-09-15,2026-09-28,Indira Gandhi International Airport,Dubai International Airport,Thai Airways,1,2:30 AM,2:15 AM,518,392622,NPR
Singapore,Amsterdam,2026-10-10,2026-10-16,Changi Airport,Amsterdam Schiphol Airport,ANA,1,11:15 PM,1:15 AM,376,505589,NPR
Delhi,Istanbul,2026-10-04,2026-10-18,Indira Gandhi International Airport,Istanbul Airport,Qatar Airways,1,9:15 PM,3:00 AM,481,61901,NPR
Dubai,Istanbul,2026-12-30,2027-01-09,Dubai International Airport,Istanbul Airport,flydubai and Emirates,2,11:30 PM,5:30 AM,459,331819,NPR
Doha,Shanghai,2026-11-14,2026-11-19,Hamad International Airport,Shanghai Pudong International Airport,Japan Airlines,1,8:00 AM,8:00 AM,1216,527309,NPR
Kuala Lumpur,Toronto,2026-05-15,2026-05-27,Kuala Lumpur International Airport,Toronto Pearson International Airport,Malaysia Airlines,1,5:30 AM,3:00 AM,667,583541,NPR
Kathmandu,Seoul,2026-12-06,2026-12-11,Tribhuvan International Airport,Incheon International Airport,Turkish Airlines,0,3:30 PM,12:15 PM,566,87081,NPR
Kuala Lumpur,Tokyo,2026-12-20,2026-12-31,Kuala Lumpur International Airport,Narita International Airport,Turkish Airlines,1,7:45 AM,11:30 PM,755,131670,NPR
Hong Kong,Toronto,2026-05-31,2026-06-13,Hong Kong International Airport,Toronto Pearson International Airport,Qatar Airways,1,7:00 AM,12:00 PM,1152,346020,NPR
New York,Toronto,2026-05-23,2026-06-05,John F. Kennedy International Airport,Toronto Pearson International Airport,Air France,0,11:15 AM,9:30 AM,696,536462,NPR
Tokyo,Amsterdam,2026-09-04,2026-09-12,Narita International Airport,Amsterdam Schiphol Airport,Turkish Airlines,1,12:45 AM,12:15 AM,909,60060,NPR
Tokyo,Seoul,2026-11-11,2026-11-22,Narita International Airport,Incheon International Airport,ANA,0,6:15 AM,1:45 PM,322,199289,NPR
Doha,Los Angeles,2026-05-24,2026-05-29,Hamad International Airport,Los Angeles International Airport,Turkish Airlines,2,1:30 PM,2:00 PM,395,579979,NPR
Dubai,Hong Kong,2026-08-09,2026-08-15,Dubai International Airport,Hong Kong International Airport,Qatar Airways,1,9:15 PM,7:30 AM,734,380310,NPR
Singapore,Hong Kong,2026-11-05,2026-11-15,Changi Airport,Hong Kong International Airport,Japan Airlines,1,8:15 AM,2:15 AM,478,164266,NPR
Dubai,Shanghai,2026-06-12,2026-06-24,Dubai International Airport,Shanghai Pudong International Airport,Air France,1,1:00 PM,5:30 PM,625,523869,NPR
New York,Istanbul,2026-07-07,2026-07-13,John F. Kennedy International Airport,Istanbul Airport,Singapore Airlines,1,9:30 PM,10:00 PM,640,393716,NPR
Dubai,Shanghai,2026-10-30,2026-11-07,Dubai International Airport,Shanghai Pudong International Airport,Etihad Airways,1,4:00 PM,9:30 PM,732,232313,NPR
Kathmandu,Frankfurt,2026-12-05,2026-12-17,Tribhuvan International Airport,Frankfurt Airport,Turkish Airlines,0,2:00 PM,4:00 AM,224,114664,NPR
London,Beijing,2026-06-20,2026-07-01,Heathrow Airport,Beijing Capital International Airport,Etihad Airways,0,6:30 PM,2:00 AM,332,257356,NPR
Paris,Istanbul,2026-11-24,2026-12-01,Charles de Gaulle Airport,Istanbul Airport,Singapore Airlines,1,3:00 AM,2:00 PM,544,504197,NPR
Doha,Frankfurt,2026-09-05,2026-09-10,Hamad International Airport,Frankfurt Airport,China Southern,1,5:30 AM,6:15 AM,763,343448,NPR
Bangkok,Beijing,2026-05-09,2026-05-23,Suvarnabhumi Airport,Beijing Capital International Airport,Turkish Airlines,1,3:45 PM,5:45 PM,324,141982,NPR
New York,Frankfurt,2026-06-05,2026-06-16,John F. Kennedy International Airport,Frankfurt Airport,Air India,2,7:00 AM,12:30 PM,1182,558223,NPR
Tokyo,Amsterdam,2026-09-06,2026-09-16,Narita International Airport,Amsterdam Schiphol Airport,China Southern,1,5:00 AM,10:15 AM,260,344579,NPR
Kathmandu,Tokyo,2026-08-29,2026-09-11,Tribhuvan International Airport,Narita International Airport,Etihad Airways,2,7:15 AM,3:15 AM,693,329473,NPR
Kuala Lumpur,Hong Kong,2026-11-19,2026-11-24,Kuala Lumpur International Airport,Hong Kong International Airport,Turkish Airlines,2,12:30 PM,5:15 AM,684,383451,NPR
Doha,Singapore,2026-07-31,2026-08-14,Hamad International Airport,Changi Airport,Emirates,1,6:15 PM,6:15 PM,1208,374065,NPR
Dubai,Istanbul,2026-05-10,2026-05-16,Dubai International Airport,Istanbul Airport,Qatar Airways,1,7:15 PM,12:45 AM,201,397848,NPR
Hong Kong,Sydney,2026-11-23,2026-11-30,Hong Kong International Airport,Sydney Kingsford Smith Airport,Japan Airlines,1,10:00 AM,12:15 AM,490,166308,NPR
Kuala Lumpur,Hong Kong,2026-08-02,2026-08-08,Kuala Lumpur International Airport,Hong Kong International Airport,Etihad Airways,1,6:00 PM,10:30 AM,860,193079,NPR
Dubai,Singapore,2026-12-29,2027-01-09,Dubai International Airport,Changi Airport,British Airways,1,5:30 AM,7:15 AM,974,371727,NPR
Doha,Singapore,2026-07-15,2026-07-22,Hamad International Airport,Changi Airport,Malaysia Airlines,0,10:45 PM,6:00 PM,572,383674,NPR
Hong Kong,Sydney,2026-10-11,2026-10-25,Hong Kong International Airport,Sydney Kingsford Smith Airport,Cathay Pacific,1,4:30 AM,11:00 PM,687,413656,NPR
Tokyo,Beijing,2026-10-10,2026-10-16,Narita International Airport,Beijing Capital International Airport,Japan Airlines,1,12:30 AM,6:15 AM,338,417506,NPR
New York,Tokyo,2026-05-28,2026-06-02,John F. Kennedy International Airport,Narita International Airport,Qatar Airways,1,2:45 PM,5:45 AM,1209,447108,NPR
Tokyo,Rome,2026-08-05,2026-08-11,Narita International Airport,Leonardo da Vinci International Airport,British Airways,2,8:15 PM,5:45 AM,350,85035,NPR
New York,Seoul,2026-07-21,2026-07-30,John F. Kennedy International Airport,Incheon International Airport,Cathay Pacific,0,10:15 AM,12:15 PM,353,147627,NPR
Tokyo,Amsterdam,2026-10-05,2026-10-17,Narita International Airport,Amsterdam Schiphol Airport,Emirates,1,8:15 PM,7:45 PM,521,106157,NPR
Delhi,Toronto,2026-06-22,2026-06-30,Indira Gandhi International Airport,Toronto Pearson International Airport,Korean Air,2,11:30 PM,9:30 PM,809,299087,NPR
Delhi,Seoul,2026-08-09,2026-08-23,Indira Gandhi International Airport,Incheon International Airport,British Airways,1,1:30 AM,12:45 AM,379,358857,NPR
Paris,Dubai,2026-10-01,2026-10-13,Charles de Gaulle Airport,Dubai International Airport,Air India,0,12:15 AM,5:30 AM,367,546574,NPR
Delhi,Los Angeles,2026-11-17,2026-11-28,Indira Gandhi International Airport,Los Angeles International Airport,British Airways,1,9:30 PM,2:45 AM,578,439043,NPR
Singapore,Toronto,2026-06-17,2026-06-29,Changi Airport,Toronto Pearson International Airport,Qatar Airways,1,2:45 PM,8:15 AM,750,114633,NPR
Dubai,Tokyo,2026-10-26,2026-11-01,Dubai International Airport,Narita International Airport,Singapore Airlines,1,5:45 PM,6:15 PM,324,455910,NPR
Kuala Lumpur,Frankfurt,2026-09-15,2026-09-27,Kuala Lumpur International Airport,Frankfurt Airport,Turkish Airlines,1,9:00 AM,12:00 PM,1228,591922,NPR
Hong Kong,Dubai,2026-10-06,2026-10-13,Hong Kong International Airport,Dubai International Airport,Cathay Pacific,1,5:15 AM,6:15 AM,458,94748,NPR
Singapore,Shanghai,2026-10-22,2026-11-02,Changi Airport,Shanghai Pudong International Airport,Air India,1,7:30 PM,10:00 AM,378,456951,NPR
Kuala Lumpur,Frankfurt,2026-09-19,2026-09-29,Kuala Lumpur International Airport,Frankfurt Airport,Lufthansa,2,2:00 PM,10:45 PM,430,484574,NPR
Dubai,Beijing,2026-09-23,2026-10-07,Dubai International Airport,Beijing Capital International Airport,Cathay Pacific,0,6:00 PM,9:30 AM,1041,326967,NPR
Singapore,Dubai,2026-09-02,2026-09-16,Changi Airport,Dubai International Airport,British Airways,0,5:30 AM,12:15 PM,1022,90666,NPR
Singapore,Toronto,2026-10-24,2026-11-01,Changi Airport,Toronto Pearson International Airport,Qatar Airways,1,8:30 AM,12:30 AM,820,376053,NPR
New York,Hong Kong,2026-09-03,2026-09-09,John F. Kennedy International Airport,Hong Kong International Airport,Turkish Airlines,1,9:45 AM,10:30 AM,1053,143624,NPR
London,Istanbul,2026-06-24,2026-07-05,Heathrow Airport,Istanbul Airport,British Airways,2,11:00 AM,4:15 PM,334,376236,NPR
Doha,Rome,2026-08-12,2026-08-19,Hamad International Airport,Leonardo da Vinci International Airport,flydubai and Emirates,2,12:15 AM,6:15 AM,318,311609,NPR
Kathmandu,Istanbul,2026-05-13,2026-05-23,Tribhuvan International Airport,Istanbul Airport,Air India,1,11:45 AM,4:45 PM,453,82047,NPR
London,Toronto,2026-09-03,2026-09-17,Heathrow Airport,Toronto Pearson International Airport,Air France,1,3:30 PM,11:15 AM,729,144782,NPR
New York,Seoul,2026-08-07,2026-08-12,John F. Kennedy International Airport,Incheon International Airport,Malaysia Airlines,2,6:15 AM,8:15 PM,623,332154,NPR
Paris,Frankfurt,2026-09-09,2026-09-14,Charles de Gaulle Airport,Frankfurt Airport,Emirates,1,4:15 AM,7:00 PM,658,314650,NPR
Hong Kong,Tokyo,2026-12-28,2027-01-06,Hong Kong International Airport,Narita International Airport,Lufthansa,1,12:30 PM,2:30 PM,646,539368,NPR
New York,Dubai,2026-09-11,2026-09-25,John F. Kennedy International Airport,Dubai International Airport,China Southern,2,3:00 AM,4:30 PM,778,362974,NPR
Paris,Shanghai,2026-09-01,2026-09-07,Charles de Gaulle Airport,Shanghai Pudong International Airport,Japan Airlines,1,8:30 PM,8:30 AM,811,247509,NPR
Dubai,Rome,2026-11-12,2026-11-20,Dubai International Airport,Leonardo da Vinci International Airport,Qatar Airways,2,12:30 PM,9:15 PM,252,571533,NPR
New York,Los Angeles,2026-12-19,2026-12-30,John F. Kennedy International Airport,Los Angeles International Airport,China Southern,1,11:00 PM,6:15 PM,902,283164,NPR
Paris,Rome,2026-10-11,2026-10-23,Charles de Gaulle Airport,Leonardo da Vinci International Airport,Etihad Airways,2,9:15 AM,9:15 PM,801,152344,NPR
Bangkok,Beijing,2026-11-06,2026-11-15,Suvarnabhumi Airport,Beijing Capital International Airport,Malaysia Airlines,1,8:00 PM,7:30 AM,657,372002,NPR
Singapore,Tokyo,2026-12-14,2026-12-24,Changi Airport,Narita International Airport,Etihad Airways,1,6:30 PM,2:00 PM,1163,106284,NPR
Paris,Amsterdam,2026-09-26,2026-10-10,Charles de Gaulle Airport,Amsterdam Schiphol Airport,Singapore Airlines,1,6:00 AM,9:45 PM,1285,362848,NPR
Singapore,Seoul,2026-12-09,2026-12-16,Changi Airport,Incheon International Airport,Thai Airways,1,10:45 AM,6:45 PM,493,381752,NPR
Doha,Beijing,2026-11-16,2026-11-22,Hamad International Airport,Beijing Capital International Airport,British Airways,1,8:15 PM,10:00 AM,209,524012,NPR
New York,Sydney,2026-11-11,2026-11-18,John F. Kennedy International Airport,Sydney Kingsford Smith Airport,Malaysia Airlines,1,2:15 AM,7:45 PM,1079,472988,NPR
Singapore,Istanbul,2026-08-07,2026-08-12,Changi Airport,Istanbul Airport,Qatar Airways,2,6:30 AM,12:30 AM,1287,249834,NPR
Kathmandu,Dubai,2026-05-02,2026-05-10,Tribhuvan International Airport,Dubai International Airport,Turkish Airlines,1,9:15 AM,3:45 AM,1230,370984,NPR
Dubai,Shanghai,2026-11-27,2026-12-02,Dubai International Airport,Shanghai Pudong International Airport,ANA,1,2:30 PM,1:15 PM,901,563989,NPR
Tokyo,Sydney,2026-06-12,2026-06-23,Narita International Airport,Sydney Kingsford Smith Airport,Emirates,1,7:15 AM,6:00 AM,1233,227193,NPR
Delhi,Toronto,2026-10-30,2026-11-04,Indira Gandhi International Airport,Toronto Pearson International Airport,China Southern,1,5:00 PM,7:00 PM,421,70700,NPR
Kathmandu,Singapore,2026-05-30,2026-06-10,Tribhuvan International Airport,Changi Airport,Air France,1,3:30 AM,3:15 PM,620,59756,NPR
New York,Frankfurt,2026-10-17,2026-10-23,John F. Kennedy International Airport,Frankfurt Airport,flydubai and Emirates,1,7:15 PM,1:00 PM,1247,173453,NPR
New York,Shanghai,2026-11-17,2026-11-23,John F. Kennedy International Airport,Shanghai Pudong International Airport,British Airways,1,7:15 PM,8:15 AM,933,479660,NPR
New York,Beijing,2026-05-11,2026-05-24,John F. Kennedy International Airport,Beijing Capital International Airport,British Airways,1,10:45 PM,10:15 AM,205,63368,NPR
Paris,Shanghai,2026-12-19,2026-12-25,Charles de Gaulle Airport,Shanghai Pudong International Airport,British Airways,1,2:00 AM,11:00 PM,724,292389,NPR
Bangkok,Los Angeles,2026-07-07,2026-07-19,Suvarnabhumi Airport,Los Angeles International Airport,Qatar Airways,0,5:00 AM,9:30 AM,840,496688,NPR
Doha,Shanghai,2026-05-25,2026-05-30,Hamad International Airport,Shanghai Pudong International Airport,Emirates,1,9:15 PM,10:30 AM,1096,331342,NPR
Doha,Shanghai,2026-08-04,2026-08-14,Hamad International Airport,Shanghai Pudong International Airport,Malaysia Airlines,0,12:45 PM,2:30 PM,989,551476,NPR
Singapore,Dubai,2026-12-13,2026-12-20,Changi Airport,Dubai International Airport,Cathay Pacific,1,10:00 PM,5:00 AM,1052,556121,NPR
Hong Kong,Dubai,2026-08-21,2026-08-28,Hong Kong International Airport,Dubai International Airport,China Southern,1,7:00 PM,9:15 PM,1189,561833,NPR
Delhi,Frankfurt,2026-08-21,2026-08-26,Indira Gandhi International Airport,Frankfurt Airport,Singapore Airlines,1,8:30 PM,12:15 AM,892,594315,NPR
Kuala Lumpur,Singapore,2026-10-27,2026-11-10,Kuala Lumpur International Airport,Changi Airport,Cathay Pacific,1,9:15 PM,3:30 PM,988,205875,NPR
Kuala Lumpur,Amsterdam,2026-05-14,2026-05-19,Kuala Lumpur International Airport,Amsterdam Schiphol Airport,Malaysia Airlines,2,3:45 PM,5:00 AM,1206,386208,NPR
London,Toronto,2026-07-11,2026-07-16,Heathrow Airport,Toronto Pearson International Airport,flydubai and Emirates,1,5:45 PM,12:15 PM,361,531395,NPR
Bangkok,Tokyo,2026-09-24,2026-10-06,Suvarnabhumi Airport,Narita International Airport,Singapore Airlines,1,2:30 PM,3:45 AM,236,157629,NPR
Singapore,Frankfurt,2026-05-10,2026-05-23,Changi Airport,Frankfurt Airport,Emirates,0,7:30 PM,4:15 PM,1134,407411,NPR
Tokyo,Hong Kong,2026-05-14,2026-05-22,Narita International Airport,Hong Kong International Airport,Air France,1,5:45 PM,10:30 PM,1126,169562,NPR
Delhi,Tokyo,2026-10-16,2026-10-24,Indira Gandhi International Airport,Narita International Airport,Emirates,1,11:30 AM,5:30 PM,417,98001,NPR
Dubai,Istanbul,2026-06-05,2026-06-16,Dubai International Airport,Istanbul Airport,Cathay Pacific,1,7:15 PM,6:00 AM,1004,276061,NPR
Bangkok,Hong Kong,2026-11-17,2026-11-25,Suvarnabhumi Airport,Hong Kong International Airport,Japan Airlines,0,1:00 PM,8:00 PM,1122,529605,NPR
Paris,Amsterdam,2026-12-31,2027-01-13,Charles de Gaulle Airport,Amsterdam Schiphol Airport,Thai Airways,1,12:00 AM,5:45 PM,1189,583025,NPR
Dubai,Singapore,2026-09-26,2026-10-03,Dubai International Airport,Changi Airport,Thai Airways,0,12:30 PM,4:45 PM,1057,310297,NPR
New York,Frankfurt,2026-07-27,2026-08-05,John F. Kennedy International Airport,Frankfurt Airport,Air France,1,4:45 AM,7:30 PM,842,277900,NPR
London,Sydney,2026-10-07,2026-10-16,Heathrow Airport,Sydney Kingsford Smith Airport,Etihad Airways,1,10:15 PM,4:30 PM,436,419348,NPR
Kuala Lumpur,Istanbul,2026-09-27,2026-10-11,Kuala Lumpur International Airport,Istanbul Airport,Korean Air,2,9:45 AM,12:00 AM,251,449371,NPR
Dubai,Seoul,2026-10-19,2026-10-24,Dubai International Airport,Incheon International Airport,Air India,1,5:30 AM,9:30 PM,499,115046,NPR
Doha,Tokyo,2026-07-15,2026-07-23,Hamad International Airport,Narita International Airport,Qatar Airways,1,2:00 PM,7:15 PM,996,299136,NPR
Kuala Lumpur,Tokyo,2026-11-20,2026-11-29,Kuala Lumpur International Airport,Narita International Airport,Qatar Airways,1,12:45 PM,9:30 PM,310,63595,NPR
Doha,Los Angeles,2026-06-21,2026-07-05,Hamad International Airport,Los Angeles International Airport,Air France,1,8:30 PM,6:15 PM,596,358467,NPR
Bangkok,Beijing,2026-10-22,2026-10-28,Suvarnabhumi Airport,Beijing Capital International Airport,Malaysia Airlines,1,11:00 PM,12:00 PM,1077,342670,NPR
Kuala Lumpur,Los Angeles,2026-06-03,2026-06-10,Kuala Lumpur International Airport,Los Angeles International Airport,Lufthansa,0,10:45 AM,10:15 PM,281,211169,NPR
Tokyo,Amsterdam,2026-05-14,2026-05-28,Narita International Airport,Amsterdam Schiphol Airport,ANA,1,6:30 PM,2:30 AM,1276,280646,NPR
Dubai,Rome,2026-05-18,2026-05-31,Dubai International Airport,Leonardo da Vinci International Airport,Malaysia Airlines,1,5:45 PM,2:30 AM,653,273717,NPR
Paris,Toronto,2026-07-24,2026-08-03,Charles de Gaulle Airport,Toronto Pearson International Airport,ANA,1,7:45 PM,5:00 PM,434,412814,NPR
Bangkok,Sydney,2026-12-18,2027-01-01,Suvarnabhumi Airport,Sydney Kingsford Smith Airport,Turkish Airlines,0,9:30 PM,12:00 PM,990,319054,NPR
Kuala Lumpur,Singapore,2026-07-12,2026-07-17,Kuala Lumpur International Airport,Changi Airport,flydubai and Emirates,1,4:45 PM,3:00 PM,807,251863,NPR
Tokyo,Rome,2026-05-22,2026-05-28,Narita International Airport,Leonardo da Vinci International Airport,Malaysia Airlines,2,5:00 PM,8:00 PM,631,273530,NPR
Paris,Frankfurt,2026-11-30,2026-12-06,Charles de Gaulle Airport,Frankfurt Airport,Air India,2,10:45 PM,8:00 PM,514,74906,NPR
Bangkok,Singapore,2026-07-24,2026-07-29,Suvarnabhumi Airport,Changi Airport,Singapore Airlines,0,1:15 AM,8:00 AM,666,321212,NPR
Singapore,Frankfurt,2026-08-24,2026-09-04,Changi Airport,Frankfurt Airport,Korean Air,1,12:45 AM,9:00 PM,1295,56185,NPR
Paris,Singapore,2026-10-06,2026-10-12,Charles de Gaulle Airport,Changi Airport,Qatar Airways,0,11:00 AM,9:30 AM,377,345192,NPR
Bangkok,Frankfurt,2026-08-10,2026-08-15,Suvarnabhumi Airport,Frankfurt Airport,British Airways,1,5:15 PM,4:45 AM,804,201074,NPR
New York,Dubai,2026-12-14,2026-12-24,John F. Kennedy International Airport,Dubai International Airport,Emirates,2,5:15 PM,3:00 AM,210,463224,NPR
Kuala Lumpur,Rome,2026-12-29,2027-01-04,Kuala Lumpur International Airport,Leonardo da Vinci International Airport,ANA,1,11:30 PM,6:45 AM,1249,199375,NPR
Dubai,Beijing,2026-06-26,2026-07-10,Dubai International Airport,Beijing Capital International Airport,Lufthansa,1,3:15 AM,9:00 PM,1144,126697,NPR
New York,Dubai,2026-05-18,2026-05-27,John F. Kennedy International Airport,Dubai International Airport,Cathay Pacific,1,11:45 PM,10:30 AM,462,295925,NPR
Delhi,Los Angeles,2026-10-06,2026-10-12,Indira Gandhi International Airport,Los Angeles International Airport,Air India,1,3:45 PM,10:30 AM,512,432199,NPR
Tokyo,Frankfurt,2026-06-13,2026-06-18,Narita International Airport,Frankfurt Airport,Japan Airlines,1,7:45 AM,8:30 AM,475,397668,NPR
Bangkok,Istanbul,2026-08-23,2026-09-02,Suvarnabhumi Airport,Istanbul Airport,ANA,1,5:00 PM,5:00 AM,774,196802,NPR
Kuala Lumpur,Sydney,2026-07-07,2026-07-13,Kuala Lumpur International Airport,Sydney Kingsford Smith Airport,Singapore Airlines,0,4:00 PM,6:45 PM,635,88436,NPR
Kuala Lumpur,Los Angeles,2026-09-17,2026-09-30,Kuala Lumpur International Airport,Los Angeles International Airport,British Airways,1,11:45 AM,7:30 AM,474,537274,NPR
Kuala Lumpur,Rome,2026-05-24,2026-06-04,Kuala Lumpur International Airport,Leonardo da Vinci International Airport,Etihad Airways,2,12:15 AM,7:15 PM,1252,197189,NPR
Bangkok,Beijing,2026-06-15,2026-06-29,Suvarnabhumi Airport,Beijing Capital International Airport,Thai Airways,1,11:00 AM,7:45 AM,674,115914,NPR
New York,Toronto,2026-06-29,2026-07-04,John F. Kennedy International Airport,Toronto Pearson International Airport,Air India,2,11:45 AM,3:45 PM,295,91843,NPR
Paris,Toronto,2026-05-27,2026-06-09,Charles de Gaulle Airport,Toronto Pearson International Airport,Lufthansa,1,6:15 PM,12:45 PM,948,131618,NPR
Kuala Lumpur,Los Angeles,2026-08-05,2026-08-13,Kuala Lumpur International Airport,Los Angeles International Airport,flydubai and Emirates,1,11:30 AM,3:45 PM,213,576214,NPR
Dubai,Istanbul,2026-06-12,2026-06-20,Dubai International Airport,Istanbul Airport,Singapore Airlines,2,8:30 PM,6:15 AM,582,215001,NPR
Tokyo,Amsterdam,2026-10-31,2026-11-06,Narita International Airport,Amsterdam Schiphol Airport,Turkish Airlines,1,10:00 AM,3:45 PM,1181,270939,NPR
Hong Kong,Beijing,2026-10-13,2026-10-24,Hong Kong International Airport,Beijing Capital International Airport,Emirates,1,1:15 AM,6:15 PM,475,587544,NPR
Kathmandu,Amsterdam,2026-06-07,2026-06-12,Tribhuvan International Airport,Amsterdam Schiphol Airport,Malaysia Airlines,1,5:45 AM,7:00 PM,780,139913,NPR
London,Istanbul,2026-10-03,2026-10-15,Heathrow Airport,Istanbul Airport,British Airways,1,7:45 AM,7:15 PM,572,585617,NPR
New York,Beijing,2026-11-02,2026-11-12,John F. Kennedy International Airport,Beijing Capital International Airport,Air France,2,6:00 PM,7:45 AM,989,188635,NPR
Delhi,Seoul,2026-06-21,2026-07-04,Indira Gandhi International Airport,Incheon International Airport,flydubai and Emirates,1,4:00 AM,5:45 AM,279,577778,NPR
Delhi,Shanghai,2026-09-01,2026-09-08,Indira Gandhi International Airport,Shanghai Pudong International Airport,Emirates,1,4:45 PM,11:00 AM,1285,499793,NPR
London,Tokyo,2026-09-01,2026-09-12,Heathrow Airport,Narita International Airport,Etihad Airways,2,11:00 PM,1:15 PM,721,550318,NPR
London,Hong Kong,2026-05-22,2026-05-31,Heathrow Airport,Hong Kong International Airport,Korean Air,1,6:00 AM,10:00 PM,1270,173552,NPR
Kuala Lumpur,Seoul,2026-08-05,2026-08-13,Kuala Lumpur International Airport,Incheon International Airport,Japan Airlines,1,11:00 AM,4:45 AM,719,323995,NPR
Kuala Lumpur,Frankfurt,2026-09-22,2026-10-02,Kuala Lumpur International Airport,Frankfurt Airport,Lufthansa,1,6:45 AM,5:45 PM,566,438196,NPR
Kuala Lumpur,Rome,2026-09-01,2026-09-10,Kuala Lumpur International Airport,Leonardo da Vinci International Airport,ANA,2,11:45 AM,11:15 PM,443,290932,NPR
Bangkok,Tokyo,2026-10-27,2026-11-03,Suvarnabhumi Airport,Narita International Airport,Cathay Pacific,1,4:45 PM,10:00 AM,529,458004,NPR
Paris,Seoul,2026-11-22,2026-11-28,Charles de Gaulle Airport,Incheon International Airport,Thai Airways,1,7:45 PM,2:00 AM,738,282542,NPR
Tokyo,Shanghai,2026-10-03,2026-10-08,Narita International Airport,Shanghai Pudong International Airport,China Southern,1,7:30 PM,10:00 PM,558,568382,NPR
Bangkok,Seoul,2026-06-21,2026-07-04,Suvarnabhumi Airport,Incheon International Airport,ANA,1,1:15 AM,7:15 PM,273,427214,NPR
London,Dubai,2026-05-01,2026-05-08,Heathrow Airport,Dubai International Airport,Singapore Airlines,1,12:30 PM,9:45 PM,1030,260040,NPR
Kuala Lumpur,Seoul,2026-11-05,2026-11-11,Kuala Lumpur International Airport,Incheon International Airport,Singapore Airlines,2,9:30 AM,11:30 AM,663,253974,NPR
Bangkok,Frankfurt,2026-09-25,2026-09-30,Suvarnabhumi Airport,Frankfurt Airport,Lufthansa,1,1:00 PM,5:00 PM,1230,358545,NPR
Tokyo,Shanghai,2026-11-22,2026-12-05,Narita International Airport,Shanghai Pudong International Airport,Lufthansa,2,6:30 PM,10:45 PM,972,557122,NPR
London,Tokyo,2026-07-26,2026-08-07,Heathrow Airport,Narita International Airport,Air France,2,12:45 AM,3:30 AM,338,451261,NPR
Paris,Tokyo,2026-06-26,2026-07-04,Charles de Gaulle Airport,Narita International Airport,Japan Airlines,1,11:00 AM,10:30 PM,708,351244,NPR
Delhi,Frankfurt,2026-10-20,2026-10-30,Indira Gandhi International Airport,Frankfurt Airport,Singapore Airlines,2,5:45 AM,10:30 AM,647,332146,NPR
Dubai,Singapore,2026-10-22,2026-10-30,Dubai International Airport,Changi Airport,British Airways,1,7:15 AM,8:15 AM,669,262616,NPR
London,Hong Kong,2026-10-06,2026-10-16,Heathrow Airport,Hong Kong International Airport,Thai Airways,0,3:00 AM,9:45 PM,213,94316,NPR
Bangkok,Toronto,2026-10-06,2026-10-16,Suvarnabhumi Airport,Toronto Pearson International Airport,British Airways,2,8:45 AM,5:30 AM,1014,282881,NPR
Hong Kong,Beijing,2026-05-14,2026-05-27,Hong Kong International Airport,Beijing Capital International Airport,Korean Air,1,5:00 PM,4:30 PM,1006,233291,NPR
Bangkok,Shanghai,2026-10-26,2026-11-08,Suvarnabhumi Airport,Shanghai Pudong International Airport,Air France,1,10:00 PM,12:15 AM,977,155641,NPR
Tokyo,Toronto,2026-10-04,2026-10-13,Narita International Airport,Toronto Pearson International Airport,Malaysia Airlines,2,8:15 AM,8:45 AM,902,433699,NPR
Dubai,Istanbul,2026-08-17,2026-08-25,Dubai International Airport,Istanbul Airport,Korean Air,1,11:45 AM,8:45 AM,568,187509,NPR
Hong Kong,Dubai,2026-06-28,2026-07-04,Hong Kong International Airport,Dubai International Airport,Lufthansa,1,5:45 PM,12:15 PM,498,206812,NPR
Bangkok,Tokyo,2026-05-03,2026-05-10,Suvarnabhumi Airport,Narita International Airport,Korean Air,1,4:30 AM,3:30 PM,713,100026,NPR
Singapore,Shanghai,2026-10-24,2026-10-31,Changi Airport,Shanghai Pudong International Airport,Qatar Airways,1,8:45 AM,8:00 PM,1121,400912,NPR
New York,Toronto,2026-08-01,2026-08-14,John F. Kennedy International Airport,Toronto Pearson International Airport,Lufthansa,1,12:45 AM,3:30 AM,607,233017,NPR
New York,Toronto,2026-07-23,2026-08-05,John F. Kennedy International Airport,Toronto Pearson International Airport,British Airways,1,2:45 AM,7:30 PM,1149,201884,NPR
Dubai,Tokyo,2026-12-24,2027-01-03,Dubai International Airport,Narita International Airport,Korean Air,2,6:45 PM,2:00 AM,531,410317,NPR
London,Toronto,2026-07-21,2026-07-30,Heathrow Airport,Toronto Pearson International Airport,Lufthansa,2,8:45 PM,8:45 AM,943,596240,NPR
Bangkok,Frankfurt,2026-06-12,2026-06-19,Suvarnabhumi Airport,Frankfurt Airport,Emirates,1,11:15 PM,9:30 PM,363,270800,NPR
Dubai,Frankfurt,2026-05-27,2026-06-02,Dubai International Airport,Frankfurt Airport,Singapore Airlines,1,5:00 PM,12:45 AM,1273,137295,NPR
Delhi,Los Angeles,2026-10-06,2026-10-13,Indira Gandhi International Airport,Los Angeles International Airport,Singapore Airlines,1,9:15 AM,7:30 AM,1107,182552,NPR
Dubai,Rome,2026-12-01,2026-12-08,Dubai International Airport,Leonardo da Vinci International Airport,Emirates,0,9:30 PM,10:45 AM,1156,335647,NPR
Kuala Lumpur,Istanbul,2026-06-04,2026-06-17,Kuala Lumpur International Airport,Istanbul Airport,Malaysia Airlines,2,7:45 PM,8:45 PM,1272,374703,NPR
Tokyo,Istanbul,2026-09-16,2026-09-24,Narita International Airport,Istanbul Airport,Singapore Airlines,1,9:30 AM,1:30 PM,518,368319,NPR
Kathmandu,Seoul,2026-09-11,2026-09-18,Tribhuvan International Airport,Incheon International Airport,Etihad Airways,1,3:00 PM,10:45 PM,1177,364164,NPR
Kathmandu,Tokyo,2026-08-19,2026-08-28,Tribhuvan International Airport,Narita International Airport,Turkish Airlines,0,5:30 PM,6:45 AM,1095,463927,NPR
London,Beijing,2026-10-31,2026-11-11,Heathrow Airport,Beijing Capital International Airport,China Southern,1,8:00 AM,1:15 PM,1258,335071,NPR
New York,Dubai,2026-11-07,2026-11-20,John F. Kennedy International Airport,Dubai International Airport,Lufthansa,1,6:00 AM,5:15 AM,793,165717,NPR
Paris,Istanbul,2026-10-06,2026-10-18,Charles de Gaulle Airport,Istanbul Airport,Lufthansa,2,3:15 PM,10:00 AM,511,102042,NPR
Kuala Lumpur,Seoul,2026-06-17,2026-06-23,Kuala Lumpur International Airport,Incheon International Airport,ANA,1,4:45 AM,11:00 PM,676,144578,NPR
Dubai,Seoul,2026-09-04,2026-09-12,Dubai International Airport,Incheon International Airport,Japan Airlines,1,9:45 AM,11:45 AM,264,396290,NPR
Delhi,Hong Kong,2026-11-09,2026-11-16,Indira Gandhi International Airport,Hong Kong International Airport,Qatar Airways,1,12:00 PM,5:45 PM,571,251528,NPR
New York,Hong Kong,2026-08-06,2026-08-11,John F. Kennedy International Airport,Hong Kong International Airport,Cathay Pacific,1,12:45 PM,7:00 AM,607,533220,NPR
Doha,Tokyo,2026-05-25,2026-06-07,Hamad International Airport,Narita International Airport,Air India,1,12:30 PM,10:15 AM,286,596230,NPR
Delhi,Los Angeles,2026-09-01,2026-09-10,Indira Gandhi International Airport,Los Angeles International Airport,Air India,1,1:15 AM,3:15 AM,1089,390277,NPR
Kathmandu,Beijing,2026-11-20,2026-11-29,Tribhuvan International Airport,Beijing Capital International Airport,Cathay Pacific,1,7:00 AM,1:45 AM,517,439439,NPR
Delhi,Sydney,2026-06-10,2026-06-22,Indira Gandhi International Airport,Sydney Kingsford Smith Airport,Singapore Airlines,2,10:00 AM,1:30 AM,515,162608,NPR
Dubai,Istanbul,2026-06-29,2026-07-09,Dubai International Airport,Istanbul Airport,Etihad Airways,1,11:15 PM,12:45 AM,933,191276,NPR
New York,Seoul,2026-09-02,2026-09-14,John F. Kennedy International Airport,Incheon International Airport,ANA,2,10:45 PM,6:15 AM,912,389403,NPR
Doha,Istanbul,2026-07-10,2026-07-24,Hamad International Airport,Istanbul Airport,Malaysia Airlines,0,4:15 PM,2:30 PM,739,434945,NPR
Bangkok,Seoul,2026-11-15,2026-11-28,Suvarnabhumi Airport,Incheon International Airport,China Southern,1,12:30 AM,7:15 PM,856,116418,NPR
Paris,Rome,2026-11-26,2026-12-07,Charles de Gaulle Airport,Leonardo da Vinci International Airport,Air India,2,9:45 PM,5:15 PM,779,388270,NPR
Singapore,Dubai,2026-07-22,2026-07-28,Changi Airport,Dubai International Airport,Cathay Pacific,2,9:00 PM,1:15 AM,565,82792,NPR
London,Shanghai,2026-09-02,2026-09-10,Heathrow Airport,Shanghai Pudong International Airport,Cathay Pacific,0,6:45 PM,9:45 PM,1276,318371,NPR
Kathmandu,Toronto,2026-06-26,2026-07-10,Tribhuvan International Airport,Toronto Pearson International Airport,Singapore Airlines,0,6:45 AM,2:45 AM,324,428458,NPR
Kuala Lumpur,Singapore,2026-12-27,2027-01-07,Kuala Lumpur International Airport,Changi Airport,Etihad Airways,0,7:30 PM,4:00 PM,344,368667,NPR
Delhi,Sydney,2026-09-10,2026-09-16,Indira Gandhi International Airport,Sydney Kingsford Smith Airport,Cathay Pacific,1,5:45 PM,6:15 AM,1277,310846,NPR
Hong Kong,Dubai,2026-12-29,2027-01-05,Hong Kong International Airport,Dubai International Airport,Korean Air,0,8:30 PM,9:45 PM,1074,159159,NPR
Dubai,Tokyo,2026-06-16,2026-06-29,Dubai International Airport,Narita International Airport,China Southern,2,10:15 AM,5:45 PM,921,380463,NPR
Kuala Lumpur,Toronto,2026-12-03,2026-12-13,Kuala Lumpur International Airport,Toronto Pearson International Airport,Korean Air,1,11:30 PM,7:15 PM,638,443282,NPR
Kuala Lumpur,Singapore,2026-07-05,2026-07-15,Kuala Lumpur International Airport,Changi Airport,Air France,1,12:00 PM,11:00 PM,782,67094,NPR
Kuala Lumpur,Beijing,2026-12-14,2026-12-23,Kuala Lumpur International Airport,Beijing Capital International Airport,Emirates,1,7:15 AM,10:00 AM,765,586107,NPR
Kuala Lumpur,Amsterdam,2026-12-24,2027-01-07,Kuala Lumpur International Airport,Amsterdam Schiphol Airport,Thai Airways,0,1:45 AM,11:15 AM,483,327860,NPR
Tokyo,Amsterdam,2026-07-03,2026-07-11,Narita International Airport,Amsterdam Schiphol Airport,Lufthansa,1,2:45 AM,6:15 PM,358,390464,NPR
Bangkok,Beijing,2026-09-02,2026-09-16,Suvarnabhumi Airport,Beijing Capital International Airport,Cathay Pacific,2,8:30 PM,1:45 AM,360,108639,NPR
Tokyo,Toronto,2026-12-12,2026-12-23,Narita International Airport,Toronto Pearson International Airport,Korean Air,0,7:00 AM,8:45 PM,310,369588,NPR
Kuala Lumpur,Seoul,2026-07-21,2026-08-03,Kuala Lumpur International Airport,Incheon International Airport,Thai Airways,1,4:15 PM,4:00 AM,1004,517262,NPR
Hong Kong,Amsterdam,2026-09-07,2026-09-13,Hong Kong International Airport,Amsterdam Schiphol Airport,Turkish Airlines,1,9:45 AM,4:15 AM,888,136554,NPR
Bangkok,Amsterdam,2026-11-07,2026-11-12,Suvarnabhumi Airport,Amsterdam Schiphol Airport,China Southern,1,2:45 AM,4:45 PM,467,191422,NPR
Bangkok,Rome,2026-06-20,2026-07-02,Suvarnabhumi Airport,Leonardo da Vinci International Airport,China Southern,2,6:15 AM,7:00 AM,745,500956,NPR
Tokyo,Dubai,2026-12-23,2027-01-06,Narita International Airport,Dubai International Airport,Singapore Airlines,0,9:45 PM,1:30 PM,913,249742,NPR
Tokyo,Toronto,2026-09-30,2026-10-05,Narita International Airport,Toronto Pearson International Airport,ANA,1,11:45 AM,7:15 PM,1102,97057,NPR
London,Sydney,2026-10-23,2026-11-02,Heathrow Airport,Sydney Kingsford Smith Airport,Thai Airways,0,3:00 AM,7:15 AM,789,64400,NPR
Tokyo,Singapore,2026-11-22,2026-11-28,Narita International Airport,Changi Airport,ANA,1,3:00 PM,10:15 AM,633,263701,NPR
Kuala Lumpur,Rome,2026-11-09,2026-11-18,Kuala Lumpur International Airport,Leonardo da Vinci International Airport,British Airways,2,11:15 PM,10:00 PM,971,95594,NPR
New York,Beijing,2026-05-16,2026-05-25,John F. Kennedy International Airport,Beijing Capital International Airport,Air India,2,8:00 AM,2:00 PM,336,457523,NPR
Paris,Los Angeles,2026-10-17,2026-10-27,Charles de Gaulle Airport,Los Angeles International Airport,Cathay Pacific,0,9:45 AM,7:45 AM,1241,154442,NPR
Tokyo,Istanbul,2026-12-08,2026-12-22,Narita International Airport,Istanbul Airport,Singapore Airlines,1,6:45 AM,5:00 PM,281,309409,NPR
Kuala Lumpur,Los Angeles,2026-07-25,2026-08-06,Kuala Lumpur International Airport,Los Angeles International Airport,China Southern,1,12:30 AM,9:30 PM,927,367012,NPR
London,Rome,2026-07-10,2026-07-15,Heathrow Airport,Leonardo da Vinci International Airport,Lufthansa,1,12:30 AM,7:15 AM,899,461929,NPR
Paris,Beijing,2026-05-23,2026-06-03,Charles de Gaulle Airport,Beijing Capital International Airport,flydubai and Emirates,2,8:15 PM,1:15 PM,512,497180,NPR
New York,Amsterdam,2026-07-24,2026-08-05,John F. Kennedy International Airport,Amsterdam Schiphol Airport,Thai Airways,1,8:15 PM,6:15 PM,482,374008,NPR
Doha,Singapore,2026-12-17,2026-12-30,Hamad International Airport,Changi Airport,Thai Airways,1,4:15 AM,10:00 AM,1291,174138,NPR
Dubai,Toronto,2026-12-01,2026-12-08,Dubai International Airport,Toronto Pearson International Airport,Emirates,1,1:45 PM,9:45 AM,760,209338,NPR
London,Shanghai,2026-06-03,2026-06-10,Heathrow Airport,Shanghai Pudong International Airport,Emirates,2,7:30 PM,7:15 PM,675,292129,NPR
Paris,Seoul,2026-07-31,2026-08-06,Charles de Gaulle Airport,Incheon International Airport,British Airways,1,4:45 PM,10:30 PM,576,456281,NPR
Bangkok,Istanbul,2026-06-05,2026-06-12,Suvarnabhumi Airport,Istanbul Airport,Air India,1,1:45 AM,12:30 AM,1045,283365,NPR
Doha,Dubai,2026-06-21,2026-06-29,Hamad International Airport,Dubai International Airport,Singapore Airlines,1,2:45 PM,10:30 PM,1137,308771,NPR
Singapore,Frankfurt,2026-11-15,2026-11-20,Changi Airport,Frankfurt Airport,China Southern,1,12:00 PM,4:00 PM,1124,529094,NPR
Kathmandu,Sydney,2026-09-10,2026-09-23,Tribhuvan International Airport,Sydney Kingsford Smith Airport,China Southern,0,5:45 PM,4:00 PM,588,355323,NPR
Bangkok,Frankfurt,2026-12-13,2026-12-22,Suvarnabhumi Airport,Frankfurt Airport,ANA,1,5:45 AM,9:00 AM,1258,199149,NPR
Bangkok,Hong Kong,2026-10-13,2026-10-25,Suvarnabhumi Airport,Hong Kong International Airport,Singapore Airlines,2,3:15 AM,6:15 PM,1005,483648,NPR
Tokyo,Istanbul,2026-05-07,2026-05-14,Narita International Airport,Istanbul Airport,Air France,2,10:15 PM,2:00 PM,712,389817,NPR
Doha,Dubai,2026-12-19,2026-12-26,Hamad International Airport,Dubai International Airport,Cathay Pacific,0,3:45 AM,8:30 PM,374,599262,NPR
Doha,Frankfurt,2026-11-03,2026-11-16,Hamad International Airport,Frankfurt Airport,Malaysia Airlines,1,5:45 PM,1:15 AM,886,207380,NPR
Dubai,Hong Kong,2026-06-07,2026-06-14,Dubai International Airport,Hong Kong International Airport,Qatar Airways,1,9:30 AM,11:45 PM,791,239473,NPR
Delhi,Beijing,2026-06-21,2026-06-26,Indira Gandhi International Airport,Beijing Capital International Airport,Lufthansa,0,2:45 PM,3:00 PM,1210,299433,NPR
London,Amsterdam,2026-10-16,2026-10-28,Heathrow Airport,Amsterdam Schiphol Airport,Air France,1,2:00 PM,7:00 PM,701,341622,NPR
Hong Kong,Dubai,2026-09-20,2026-09-28,Hong Kong International Airport,Dubai International Airport,Qatar Airways,1,4:00 AM,8:30 PM,275,202436,NPR
Kathmandu,Dubai,2026-09-25,2026-10-09,Tribhuvan International Airport,Dubai International Airport,ANA,1,2:00 AM,3:45 AM,565,219172,NPR
Paris,Los Angeles,2026-10-04,2026-10-18,Charles de Gaulle Airport,Los Angeles International Airport,Malaysia Airlines,1,11:30 PM,1:00 AM,812,388503,NPR
Tokyo,Frankfurt,2026-11-26,2026-12-02,Narita International Airport,Frankfurt Airport,Korean Air,2,2:30 AM,3:15 PM,449,337748,NPR
Tokyo,Rome,2026-08-14,2026-08-27,Narita International Airport,Leonardo da Vinci International Airport,Air India,1,7:00 PM,3:00 AM,1190,351137,NPR
Singapore,Amsterdam,2026-12-04,2026-12-14,Changi Airport,Amsterdam Schiphol Airport,Lufthansa,2,6:30 PM,4:45 AM,1264,571919,NPR
Bangkok,Tokyo,2026-06-16,2026-06-30,Suvarnabhumi Airport,Narita International Airport,Turkish Airlines,1,6:00 AM,3:00 AM,1152,173654,NPR
Doha,Hong Kong,2026-06-23,2026-07-07,Hamad International Airport,Hong Kong International Airport,Korean Air,1,1:30 AM,11:15 AM,223,260960,NPR
Doha,Los Angeles,2026-07-05,2026-07-11,Hamad International Airport,Los Angeles International Airport,ANA,1,4:30 PM,12:00 AM,882,407943,NPR
Singapore,Amsterdam,2026-10-05,2026-10-10,Changi Airport,Amsterdam Schiphol Airport,Malaysia Airlines,1,10:30 AM,9:45 PM,1171,87285,NPR
Paris,Beijing,2026-09-01,2026-09-08,Charles de Gaulle Airport,Beijing Capital International Airport,Air France,2,10:45 AM,1:00 PM,1267,363884,NPR
Hong Kong,Singapore,2026-10-21,2026-10-31,Hong Kong International Airport,Changi Airport,Emirates,1,6:30 PM,11:00 AM,505,344083,NPR
Kathmandu,Toronto,2026-08-05,2026-08-18,Tribhuvan International Airport,Toronto Pearson International Airport,Malaysia Airlines,2,7:45 PM,5:00 AM,831,379776,NPR
Doha,Seoul,2026-07-09,2026-07-20,Hamad International Airport,Incheon International Airport,Singapore Airlines,1,7:30 AM,2:30 PM,642,367003,NPR
Dubai,Shanghai,2026-08-04,2026-08-09,Dubai International Airport,Shanghai Pudong International Airport,Air India,0,2:00 PM,3:15 PM,589,406637,NPR
Bangkok,Singapore,2026-12-10,2026-12-23,Suvarnabhumi Airport,Changi Airport,ANA,1,4:00 AM,4:15 PM,620,88328,NPR
Bangkok,Frankfurt,2026-10-30,2026-11-12,Suvarnabhumi Airport,Frankfurt Airport,Cathay Pacific,0,9:00 AM,9:00 PM,882,539554,NPR
Kathmandu,Shanghai,2026-09-11,2026-09-20,Tribhuvan International Airport,Shanghai Pudong International Airport,Emirates,2,9:15 AM,10:15 AM,594,350487,NPR
New York,Rome,2026-07-21,2026-08-02,John F. Kennedy International Airport,Leonardo da Vinci International Airport,Cathay Pacific,1,4:15 AM,8:00 AM,231,589031,NPR
Delhi,Sydney,2026-09-16,2026-09-26,Indira Gandhi International Airport,Sydney Kingsford Smith Airport,Japan Airlines,1,4:30 AM,6:15 PM,550,124703,NPR
New York,Amsterdam,2026-12-15,2026-12-25,John F. Kennedy International Airport,Amsterdam Schiphol Airport,Air France,0,4:00 AM,3:00 PM,416,452233,NPR
Kathmandu,Shanghai,2026-08-18,2026-08-29,Tribhuvan International Airport,Shanghai Pudong International Airport,Malaysia Airlines,2,6:45 PM,7:30 PM,839,398475,NPR
London,Singapore,2026-11-11,2026-11-24,Heathrow Airport,Changi Airport,Singapore Airlines,1,6:15 PM,2:45 AM,399,527714,NPR
New York,Dubai,2026-10-12,2026-10-24,John F. Kennedy International Airport,Dubai International Airport,British Airways,1,7:15 AM,7:30 PM,944,461122,NPR
Dubai,Singapore,2026-12-21,2026-12-31,Dubai International Airport,Changi Airport,Japan Airlines,1,3:00 PM,2:45 AM,431,418512,NPR
Bangkok,Istanbul,2026-12-03,2026-12-10,Suvarnabhumi Airport,Istanbul Airport,ANA,1,7:15 PM,4:00 PM,1030,162178,NPR
Tokyo,Rome,2026-10-14,2026-10-20,Narita International Airport,Leonardo da Vinci International Airport,ANA,2,2:45 PM,6:45 PM,688,305528,NPR
Kuala Lumpur,Beijing,2026-09-01,2026-09-12,Kuala Lumpur International Airport,Beijing Capital International Airport,Singapore Airlines,1,6:45 AM,1:30 PM,683,231493,NPR
Paris,Dubai,2026-05-20,2026-06-03,Charles de Gaulle Airport,Dubai International Airport,British Airways,0,6:45 PM,10:00 AM,1111,234731,NPR
New York,Frankfurt,2026-05-18,2026-06-01,John F. Kennedy International Airport,Frankfurt Airport,Cathay Pacific,2,12:30 PM,3:00 PM,385,278182,NPR
Dubai,Amsterdam,2026-12-18,2026-12-23,Dubai International Airport,Amsterdam Schiphol Airport,Thai Airways,1,2:30 PM,12:45 PM,600,265651,NPR
Paris,Toronto,2026-07-16,2026-07-30,Charles de Gaulle Airport,Toronto Pearson International Airport,ANA,1,10:30 PM,2:00 AM,1245,473831,NPR
Dubai,Hong Kong,2026-07-15,2026-07-20,Dubai International Airport,Hong Kong International Airport,Etihad Airways,2,1:00 AM,10:30 PM,424,345917,NPR
Kathmandu,Sydney,2026-08-19,2026-09-02,Tribhuvan International Airport,Sydney Kingsford Smith Airport,China Southern,1,10:45 PM,12:45 PM,1091,271476,NPR
Paris,Beijing,2026-08-30,2026-09-06,Charles de Gaulle Airport,Beijing Capital International Airport,Air India,2,12:30 PM,1:15 PM,790,181647,NPR
Dubai,Seoul,2026-05-19,2026-05-24,Dubai International Airport,Incheon International Airport,Thai Airways,1,9:45 PM,4:00 AM,481,486056,NPR
Bangkok,Tokyo,2026-10-26,2026-11-09,Suvarnabhumi Airport,Narita International Airport,Korean Air,2,5:45 AM,4:45 PM,1121,453402,NPR
Tokyo,Sydney,2026-06-17,2026-06-28,Narita International Airport,Sydney Kingsford Smith Airport,Emirates,2,3:15 PM,10:30 PM,1041,434795,NPR
Kathmandu,Seoul,2026-09-23,2026-10-05,Tribhuvan International Airport,Incheon International Airport,Etihad Airways,0,6:45 PM,10:00 PM,490,342993,NPR
Bangkok,Rome,2026-05-21,2026-06-03,Suvarnabhumi Airport,Leonardo da Vinci International Airport,Singapore Airlines,1,3:00 PM,9:30 PM,308,410234,NPR
Kuala Lumpur,Tokyo,2026-05-03,2026-05-15,Kuala Lumpur International Airport,Narita International Airport,Air France,2,3:30 PM,1:30 PM,803,353257,NPR
Dubai,Seoul,2026-10-25,2026-11-08,Dubai International Airport,Incheon International Airport,ANA,2,8:00 AM,8:45 PM,546,104127,NPR
Paris,Los Angeles,2026-11-24,2026-12-08,Charles de Gaulle Airport,Los Angeles International Airport,Emirates,1,3:00 PM,4:00 AM,769,314294,NPR
Dubai,Amsterdam,2026-07-11,2026-07-20,Dubai International Airport,Amsterdam Schiphol Airport,Lufthansa,0,11:00 PM,7:15 PM,509,518349,NPR
Tokyo,Beijing,2026-07-06,2026-07-14,Narita International Airport,Beijing Capital International Airport,British Airways,1,4:00 PM,10:00 AM,497,211638,NPR
Bangkok,Tokyo,2026-08-14,2026-08-25,Suvarnabhumi Airport,Narita International Airport,Turkish Airlines,1,11:15 PM,6:30 AM,311,327238,NPR
Delhi,Seoul,2026-06-12,2026-06-24,Indira Gandhi International Airport,Incheon International Airport,China Southern,1,9:45 AM,11:15 PM,977,459018,NPR
Bangkok,Los Angeles,2026-06-07,2026-06-20,Suvarnabhumi Airport,Los Angeles International Airport,Korean Air,0,9:45 AM,12:30 PM,1285,93010,NPR
Delhi,Rome,2026-10-11,2026-10-21,Indira Gandhi International Airport,Leonardo da Vinci International Airport,Korean Air,2,8:30 PM,10:30 AM,746,153050,NPR
New York,Dubai,2026-09-27,2026-10-08,John F. Kennedy International Airport,Dubai International Airport,Air France,1,11:15 PM,4:30 PM,568,378487,NPR
Kuala Lumpur,Seoul,2026-10-20,2026-10-25,Kuala Lumpur International Airport,Incheon International Airport,Singapore Airlines,0,1:00 PM,4:00 PM,1113,418591,NPR
London,Singapore,2026-07-12,2026-07-21,Heathrow Airport,Changi Airport,Air India,0,12:00 AM,1:15 AM,449,175805,NPR
Delhi,Hong Kong,2026-10-02,2026-10-09,Indira Gandhi International Airport,Hong Kong International Airport,China Southern,2,5:00 AM,10:15 PM,718,358877,NPR
Bangkok,Dubai,2026-12-26,2027-01-01,Suvarnabhumi Airport,Dubai International Airport,Air France,1,1:30 PM,8:15 AM,351,340756,NPR
Kathmandu,Frankfurt,2026-08-08,2026-08-18,Tribhuvan International Airport,Frankfurt Airport,Qatar Airways,1,8:15 AM,2:00 PM,1207,260416,NPR
Hong Kong,Frankfurt,2026-06-15,2026-06-27,Hong Kong International Airport,Frankfurt Airport,Cathay Pacific,1,5:45 PM,6:00 AM,1104,321577,NPR
Delhi,Seoul,2026-05-19,2026-05-25,Indira Gandhi International Airport,Incheon International Airport,Lufthansa,1,12:45 AM,4:00 AM,277,459451,NPR
New York,Beijing,2026-10-27,2026-11-06,John F. Kennedy International Airport,Beijing Capital International Airport,China Southern,2,12:45 AM,3:45 PM,1027,123504,NPR
Kuala Lumpur,Sydney,2026-05-01,2026-05-12,Kuala Lumpur International Airport,Sydney Kingsford Smith Airport,British Airways,0,6:30 PM,10:30 AM,1020,107875,NPR
Paris,Dubai,2026-05-24,2026-06-03,Charles de Gaulle Airport,Dubai International Airport,Japan Airlines,0,2:30 PM,8:15 PM,561,91241,NPR
Singapore,Dubai,2026-06-18,2026-06-27,Changi Airport,Dubai International Airport,China Southern,0,8:30 PM,3:00 PM,1096,248667,NPR
Dubai,Seoul,2026-06-19,2026-06-24,Dubai International Airport,Incheon International Airport,Turkish Airlines,1,12:00 PM,5:30 PM,1223,521132,NPR
Kathmandu,Seoul,2026-07-26,2026-07-31,Tribhuvan International Airport,Incheon International Airport,Japan Airlines,0,12:00 PM,6:45 AM,1298,206189,NPR
Doha,Amsterdam,2026-06-29,2026-07-05,Hamad International Airport,Amsterdam Schiphol Airport,Qatar Airways,1,3:00 PM,3:00 PM,697,186878,NPR
Kathmandu,Beijing,2026-10-09,2026-10-14,Tribhuvan International Airport,Beijing Capital International Airport,ANA,0,2:15 PM,6:00 PM,417,169726,NPR
Bangkok,Amsterdam,2026-11-21,2026-12-05,Suvarnabhumi Airport,Amsterdam Schiphol Airport,Turkish Airlines,0,6:45 AM,10:45 AM,864,176670,NPR
Paris,Amsterdam,2026-09-17,2026-09-24,Charles de Gaulle Airport,Amsterdam Schiphol Airport,Japan Airlines,1,1:15 AM,10:00 AM,447,337198,NPR
Dubai,Tokyo,2026-08-15,2026-08-22,Dubai International Airport,Narita International Airport,Etihad Airways,2,5:45 AM,7:00 AM,473,154823,NPR
Paris,Amsterdam,2026-08-05,2026-08-12,Charles de Gaulle Airport,Amsterdam Schiphol Airport,Emirates,1,2:00 AM,12:15 AM,382,347514,NPR
Singapore,Tokyo,2026-11-19,2026-12-01,Changi Airport,Narita International Airport,Thai Airways,1,4:30 AM,4:45 PM,1043,300875,NPR
Dubai,Amsterdam,2026-10-25,2026-10-30,Dubai International Airport,Amsterdam Schiphol Airport,Malaysia Airlines,1,7:00 PM,8:30 PM,912,489128,NPR
Kathmandu,Rome,2026-06-30,2026-07-08,Tribhuvan International Airport,Leonardo da Vinci International Airport,Cathay Pacific,2,3:30 AM,5:15 PM,1150,268217,NPR
New York,Seoul,2026-06-19,2026-06-25,John F. Kennedy International Airport,Incheon International Airport,Thai Airways,1,3:15 PM,5:00 AM,310,431884,NPR
New York,Sydney,2026-08-20,2026-08-29,John F. Kennedy International Airport,Sydney Kingsford Smith Airport,Japan Airlines,2,2:00 PM,3:00 AM,1300,234431,NPR
Dubai,Tokyo,2026-05-08,2026-05-20,Dubai International Airport,Narita International Airport,flydubai and Emirates,0,2:15 AM,11:45 PM,867,489422,NPR
London,Singapore,2026-10-21,2026-10-31,Heathrow Airport,Changi Airport,Turkish Airlines,0,10:15 AM,3:15 AM,1044,259668,NPR
Singapore,Sydney,2026-05-19,2026-05-31,Changi Airport,Sydney Kingsford Smith Airport,British Airways,0,1:15 PM,6:45 AM,564,456145,NPR
Tokyo,Beijing,2026-08-26,2026-09-03,Narita International Airport,Beijing Capital International Airport,Etihad Airways,1,6:30 AM,4:00 AM,322,344234,NPR
Dubai,Shanghai,2026-12-05,2026-12-17,Dubai International Airport,Shanghai Pudong International Airport,Air France,1,5:30 AM,7:30 AM,521,228190,NPR
Hong Kong,Rome,2026-12-05,2026-12-13,Hong Kong International Airport,Leonardo da Vinci International Airport,Singapore Airlines,1,4:45 PM,6:45 AM,1147,342731,NPR
Kathmandu,Singapore,2026-08-18,2026-08-26,Tribhuvan International Airport,Changi Airport,Turkish Airlines,1,1:15 PM,6:15 PM,210,488065,NPR
Kathmandu,Seoul,2026-08-29,2026-09-11,Tribhuvan International Airport,Incheon International Airport,Qatar Airways,1,4:45 PM,3:00 PM,1126,569344,NPR
London,Shanghai,2026-09-20,2026-09-25,Heathrow Airport,Shanghai Pudong International Airport,Korean Air,1,4:30 AM,9:15 AM,385,66703,NPR
Bangkok,Dubai,2026-07-18,2026-07-25,Suvarnabhumi Airport,Dubai International Airport,Air France,2,11:00 PM,2:45 PM,483,475051,NPR
Dubai,Tokyo,2026-12-10,2026-12-20,Dubai International Airport,Narita International Airport,Air France,0,8:00 PM,12:30 PM,1287,84303,NPR
New York,Frankfurt,2026-11-09,2026-11-18,John F. Kennedy International Airport,Frankfurt Airport,Air India,0,7:30 PM,11:00 PM,1254,431671,NPR
Kathmandu,Shanghai,2026-08-07,2026-08-17,Tribhuvan International Airport,Shanghai Pudong International Airport,Air France,2,1:30 AM,11:15 AM,337,264656,NPR
Dubai,Toronto,2026-07-01,2026-07-14,Dubai International Airport,Toronto Pearson International Airport,Cathay Pacific,1,11:15 PM,11:15 PM,856,419844,NPR
New York,Rome,2026-10-22,2026-11-02,John F. Kennedy International Airport,Leonardo da Vinci International Airport,Lufthansa,0,2:30 AM,11:45 AM,1195,575808,NPR
Kuala Lumpur,Hong Kong,2026-06-01,2026-06-13,Kuala Lumpur International Airport,Hong Kong International Airport,ANA,1,7:30 PM,9:00 PM,585,530115,NPR
Delhi,Shanghai,2026-08-09,2026-08-16,Indira Gandhi International Airport,Shanghai Pudong International Airport,ANA,0,3:15 AM,8:00 AM,503,570438,NPR
Dubai,Hong Kong,2026-06-22,2026-07-05,Dubai International Airport,Hong Kong International Airport,Emirates,1,1:15 PM,3:30 PM,1060,515420,NPR
Doha,Dubai,2026-05-06,2026-05-15,Hamad International Airport,Dubai International Airport,Air India,0,12:15 AM,4:30 PM,1043,409443,NPR
Paris,Dubai,2026-11-18,2026-11-28,Charles de Gaulle Airport,Dubai International Airport,British Airways,2,9:45 PM,2:30 PM,470,371383,NPR
Dubai,Tokyo,2026-07-06,2026-07-14,Dubai International Airport,Narita International Airport,British Airways,1,9:00 AM,4:30 AM,782,528073,NPR
Dubai,Amsterdam,2026-12-23,2026-12-30,Dubai International Airport,Amsterdam Schiphol Airport,ANA,1,5:15 AM,5:15 AM,439,93150,NPR
Tokyo,Amsterdam,2026-06-02,2026-06-14,Narita International Airport,Amsterdam Schiphol Airport,Lufthansa,1,5:15 AM,5:00 PM,849,410549,NPR
Dubai,Toronto,2026-08-23,2026-09-05,Dubai International Airport,Toronto Pearson International Airport,Malaysia Airlines,2,9:00 AM,12:45 AM,1222,202446,NPR
Bangkok,Toronto,2026-06-09,2026-06-14,Suvarnabhumi Airport,Toronto Pearson International Airport,flydubai and Emirates,1,8:30 PM,3:30 PM,501,513581,NPR
Tokyo,Singapore,2026-05-29,2026-06-10,Narita International Airport,Changi Airport,Qatar Airways,1,9:00 PM,9:00 AM,1022,281069,NPR
Bangkok,Toronto,2026-05-24,2026-06-03,Suvarnabhumi Airport,Toronto Pearson International Airport,Qatar Airways,2,8:15 PM,6:15 PM,769,255222,NPR
Kathmandu,Shanghai,2026-09-15,2026-09-27,Tribhuvan International Airport,Shanghai Pudong International Airport,Singapore Airlines,2,12:15 PM,3:30 PM,1247,108770,NPR
Paris,Toronto,2026-08-10,2026-08-17,Charles de Gaulle Airport,Toronto Pearson International Airport,Korean Air,1,12:30 PM,12:30 AM,906,418422,NPR
New York,Istanbul,2026-12-10,2026-12-23,John F. Kennedy International Airport,Istanbul Airport,Singapore Airlines,1,11:45 PM,11:45 PM,1106,352654,NPR
Dubai,Tokyo,2026-11-03,2026-11-14,Dubai International Airport,Narita International Airport,Korean Air,1,6:00 PM,4:15 AM,821,547667,NPR
Kuala Lumpur,Toronto,2026-05-17,2026-05-31,Kuala Lumpur International Airport,Toronto Pearson International Airport,China Southern,0,12:45 AM,8:30 PM,1048,233388,NPR
Kuala Lumpur,Istanbul,2026-10-29,2026-11-12,Kuala Lumpur International Airport,Istanbul Airport,Thai Airways,1,5:45 AM,9:45 AM,286,366662,NPR
Hong Kong,Los Angeles,2026-09-04,2026-09-17,Hong Kong International Airport,Los Angeles International Airport,Air France,1,12:00 AM,4:30 AM,814,545495,NPR
Delhi,Dubai,2026-10-18,2026-10-27,Indira Gandhi International Airport,Dubai International Airport,Korean Air,1,3:15 PM,12:00 AM,767,567000,NPR
Delhi,Amsterdam,2026-11-07,2026-11-17,Indira Gandhi International Airport,Amsterdam Schiphol Airport,British Airways,2,1:30 PM,8:45 PM,444,441330,NPR
Kuala Lumpur,Singapore,2026-09-25,2026-09-30,Kuala Lumpur International Airport,Changi Airport,Lufthansa,1,6:00 PM,4:30 AM,1144,192079,NPR
Tokyo,Beijing,2026-05-14,2026-05-23,Narita International Airport,Beijing Capital International Airport,Etihad Airways,1,8:30 PM,1:30 AM,797,130558,NPR
Kuala Lumpur,Sydney,2026-11-13,2026-11-20,Kuala Lumpur International Airport,Sydney Kingsford Smith Airport,Cathay Pacific,2,5:30 AM,10:30 AM,755,430132,NPR
Delhi,Rome,2026-09-26,2026-10-06,Indira Gandhi International Airport,Leonardo da Vinci International Airport,Thai Airways,0,4:30 AM,11:45 AM,1043,406844,NPR
Dubai,Shanghai,2026-06-25,2026-07-02,Dubai International Airport,Shanghai Pudong International Airport,flydubai and Emirates,1,6:00 AM,1:45 PM,356,172227,NPR
Dubai,Seoul,2026-08-31,2026-09-10,Dubai International Airport,Incheon International Airport,ANA,1,4:45 AM,7:30 PM,552,369484,NPR
Kathmandu,Singapore,2026-11-25,2026-12-01,Tribhuvan International Airport,Changi Airport,Turkish Airlines,1,10:15 PM,10:15 PM,829,181432,NPR
London,Beijing,2026-05-21,2026-06-01,Heathrow Airport,Beijing Capital International Airport,Cathay Pacific,0,12:45 AM,1:00 PM,602,163054,NPR
Kathmandu,Tokyo,2026-10-16,2026-10-29,Tribhuvan International Airport,Narita International Airport,Qatar Airways,1,3:30 AM,1:00 AM,817,60771,NPR
Delhi,Tokyo,2026-06-01,2026-06-15,Indira Gandhi International Airport,Narita International Airport,Air India,2,6:15 AM,9:30 PM,259,145189,NPR
Dubai,Hong Kong,2026-11-08,2026-11-17,Dubai International Airport,Hong Kong International Airport,Etihad Airways,1,5:15 AM,4:00 PM,402,64663,NPR
Kuala Lumpur,Sydney,2026-10-31,2026-11-08,Kuala Lumpur International Airport,Sydney Kingsford Smith Airport,ANA,1,5:00 PM,11:00 PM,638,578687,NPR
Doha,Istanbul,2026-08-02,2026-08-16,Hamad International Airport,Istanbul Airport,Malaysia Airlines,1,9:00 PM,5:30 AM,977,494692,NPR
London,Rome,2026-06-28,2026-07-09,Heathrow Airport,Leonardo da Vinci International Airport,Cathay Pacific,1,3:45 AM,3:15 AM,1215,428798,NPR
Doha,Los Angeles,2026-09-20,2026-09-25,Hamad International Airport,Los Angeles International Airport,Singapore Airlines,1,3:00 PM,12:30 PM,1135,377162,NPR
Paris,Hong Kong,2026-08-22,2026-08-30,Charles de Gaulle Airport,Hong Kong International Airport,Korean Air,1,1:15 PM,2:45 AM,952,238006,NPR
Kathmandu,Dubai,2026-09-03,2026-09-09,Tribhuvan International Airport,Dubai International Airport,China Southern,1,4:00 PM,3:15 AM,1008,470085,NPR
Doha,Amsterdam,2026-05-27,2026-06-03,Hamad International Airport,Amsterdam Schiphol Airport,Singapore Airlines,1,6:30 AM,6:45 AM,451,294181,NPR
Singapore,Istanbul,2026-07-11,2026-07-25,Changi Airport,Istanbul Airport,Lufthansa,1,11:45 AM,9:45 PM,1192,586256,NPR
New York,Beijing,2026-11-13,2026-11-25,John F. Kennedy International Airport,Beijing Capital International Airport,Cathay Pacific,0,8:45 AM,3:15 PM,475,81167,NPR
Delhi,Singapore,2026-05-14,2026-05-20,Indira Gandhi International Airport,Changi Airport,British Airways,0,5:45 AM,7:30 PM,512,367459,NPR
Hong Kong,Amsterdam,2026-05-25,2026-05-31,Hong Kong International Airport,Amsterdam Schiphol Airport,flydubai and Emirates,1,2:15 PM,9:45 AM,1204,579315,NPR
New York,Rome,2026-07-27,2026-08-09,John F. Kennedy International Airport,Leonardo da Vinci International Airport,Emirates,0,1:00 PM,12:45 PM,844,444617,NPR
Bangkok,Istanbul,2026-05-10,2026-05-15,Suvarnabhumi Airport,Istanbul Airport,Malaysia Airlines,2,9:30 PM,10:15 PM,1206,501601,NPR
Dubai,Los Angeles,2026-10-31,2026-11-11,Dubai International Airport,Los Angeles International Airport,British Airways,0,6:45 PM,9:45 PM,1174,213903,NPR
Kuala Lumpur,Seoul,2026-08-09,2026-08-18,Kuala Lumpur International Airport,Incheon International Airport,British Airways,2,12:30 PM,9:30 AM,325,79514,NPR
Hong Kong,Seoul,2026-06-02,2026-06-12,Hong Kong International Airport,Incheon International Airport,Etihad Airways,2,12:30 AM,12:00 PM,1076,411908,NPR
Tokyo,Frankfurt,2026-07-29,2026-08-03,Narita International Airport,Frankfurt Airport,Turkish Airlines,1,7:30 AM,6:00 PM,334,369723,NPR
Delhi,Toronto,2026-06-13,2026-06-18,Indira Gandhi International Airport,Toronto Pearson International Airport,Japan Airlines,0,2:45 PM,6:45 PM,746,71393,NPR
Doha,Istanbul,2026-09-28,2026-10-03,Hamad International Airport,Istanbul Airport,Japan Airlines,1,6:45 PM,10:00 AM,1200,154917,NPR
Doha,Dubai,2026-06-22,2026-07-02,Hamad International Airport,Dubai International Airport,British Airways,2,9:30 PM,5:30 AM,944,507169,NPR
London,Istanbul,2026-10-10,2026-10-16,Heathrow Airport,Istanbul Airport,Air India,1,8:00 AM,9:45 AM,662,146424,NPR
Doha,Hong Kong,2026-09-26,2026-10-02,Hamad International Airport,Hong Kong International Airport,Japan Airlines,1,2:45 AM,1:15 PM,911,130385,NPR
Paris,Hong Kong,2026-07-17,2026-07-30,Charles de Gaulle Airport,Hong Kong International Airport,ANA,1,9:30 PM,6:45 AM,1023,313470,NPR
Hong Kong,Rome,2026-08-25,2026-09-07,Hong Kong International Airport,Leonardo da Vinci International Airport,Malaysia Airlines,0,8:15 PM,6:45 PM,636,539994,NPR
New York,Dubai,2026-09-14,2026-09-28,John F. Kennedy International Airport,Dubai International Airport,Korean Air,2,11:00 PM,4:15 PM,946,534952,NPR
Dubai,Sydney,2026-06-08,2026-06-17,Dubai International Airport,Sydney Kingsford Smith Airport,Korean Air,1,10:00 AM,8:15 PM,1044,329901,NPR
New York,Dubai,2026-06-11,2026-06-20,John F. Kennedy International Airport,Dubai International Airport,Turkish Airlines,1,7:00 AM,4:15 AM,256,307516,NPR
New York,Istanbul,2026-09-02,2026-09-15,John F. Kennedy International Airport,Istanbul Airport,Korean Air,1,8:00 PM,6:15 AM,758,193057,NPR
Kathmandu,Los Angeles,2026-11-19,2026-11-28,Tribhuvan International Airport,Los Angeles International Airport,Malaysia Airlines,0,11:45 PM,12:00 AM,371,379153,NPR
Hong Kong,Los Angeles,2026-12-08,2026-12-14,Hong Kong International Airport,Los Angeles International Airport,Korean Air,1,9:00 PM,12:15 PM,683,167369,NPR
Hong Kong,Singapore,2026-09-06,2026-09-12,Hong Kong International Airport,Changi Airport,flydubai and Emirates,2,4:30 PM,3:00 PM,687,178216,NPR
Tokyo,Toronto,2026-11-30,2026-12-14,Narita International Airport,Toronto Pearson International Airport,China Southern,1,1:15 PM,4:00 AM,558,274509,NPR
New York,Istanbul,2026-08-13,2026-08-22,John F. Kennedy International Airport,Istanbul Airport,Qatar Airways,1,5:30 PM,10:00 PM,848,494366,NPR
Bangkok,Dubai,2026-07-03,2026-07-12,Suvarnabhumi Airport,Dubai International Airport,Thai Airways,1,3:30 PM,9:00 AM,271,107328,NPR
Doha,Tokyo,2026-10-19,2026-10-27,Hamad International Airport,Narita International Airport,Lufthansa,2,12:30 PM,8:30 PM,449,297864,NPR
Bangkok,Frankfurt,2026-05-03,2026-05-14,Suvarnabhumi Airport,Frankfurt Airport,Lufthansa,1,2:15 AM,9:15 AM,528,510163,NPR
Paris,Toronto,2026-12-12,2026-12-23,Charles de Gaulle Airport,Toronto Pearson International Airport,Qatar Airways,1,2:45 AM,3:45 PM,881,492882,NPR
Delhi,Hong Kong,2026-06-11,2026-06-20,Indira Gandhi International Airport,Hong Kong International Airport,flydubai and Emirates,0,11:45 AM,7:30 PM,1128,78679,NPR
Kathmandu,Dubai,2026-10-12,2026-10-19,Tribhuvan International Airport,Dubai International Airport,Air France,1,12:45 AM,6:30 AM,842,136226,NPR
Delhi,Beijing,2026-07-03,2026-07-16,Indira Gandhi International Airport,Beijing Capital International Airport,Thai Airways,2,9:45 PM,10:45 AM,1179,189995,NPR
New York,Beijing,2026-10-23,2026-11-06,John F. Kennedy International Airport,Beijing Capital International Airport,Japan Airlines,1,6:00 AM,1:30 PM,572,462608,NPR
Singapore,Hong Kong,2026-12-13,2026-12-27,Changi Airport,Hong Kong International Airport,Turkish Airlines,0,12:15 AM,2:45 AM,606,324499,NPR
Doha,Hong Kong,2026-06-13,2026-06-18,Hamad International Airport,Hong Kong International Airport,China Southern,2,1:30 PM,4:00 AM,953,228386,NPR
Hong Kong,Shanghai,2026-05-04,2026-05-17,Hong Kong International Airport,Shanghai Pudong International Airport,Korean Air,1,9:45 PM,3:15 AM,616,249800,NPR
New York,Los Angeles,2026-11-08,2026-11-20,John F. Kennedy International Airport,Los Angeles International Airport,China Southern,1,1:15 PM,7:15 PM,779,248561,NPR
Singapore,Beijing,2026-08-13,2026-08-20,Changi Airport,Beijing Capital International Airport,Emirates,1,8:15 AM,7:45 PM,708,437593,NPR
Hong Kong,Dubai,2026-10-13,2026-10-25,Hong Kong International Airport,Dubai International Airport,Singapore Airlines,0,3:15 PM,10:45 AM,634,452124,NPR
Doha,Frankfurt,2026-11-05,2026-11-19,Hamad International Airport,Frankfurt Airport,Lufthansa,0,3:00 AM,1:30 AM,680,543808,NPR
Tokyo,Amsterdam,2026-12-27,2027-01-10,Narita International Airport,Amsterdam Schiphol Airport,Qatar Airways,0,8:45 AM,9:45 AM,959,188661,NPR
Kuala Lumpur,Seoul,2026-09-26,2026-10-03,Kuala Lumpur International Airport,Incheon International Airport,Lufthansa,1,4:45 PM,10:45 AM,470,144002,NPR
Tokyo,Singapore,2026-09-13,2026-09-24,Narita International Airport,Changi Airport,Thai Airways,1,3:30 AM,1:15 AM,1222,344650,NPR
Doha,Toronto,2026-12-24,2027-01-04,Hamad International Airport,Toronto Pearson International Airport,ANA,1,7:30 PM,4:30 PM,1092,222998,NPR
Tokyo,Singapore,2026-09-03,2026-09-10,Narita International Airport,Changi Airport,Air France,0,6:15 AM,1:15 AM,575,87604,NPR
Bangkok,Los Angeles,2026-06-11,2026-06-23,Suvarnabhumi Airport,Los Angeles International Airport,Korean Air,0,3:00 PM,2:30 PM,1193,529995,NPR
Bangkok,Shanghai,2026-12-03,2026-12-10,Suvarnabhumi Airport,Shanghai Pudong International Airport,Cathay Pacific,1,2:15 AM,9:15 AM,544,583450,NPR
New York,Amsterdam,2026-12-15,2026-12-29,John F. Kennedy International Airport,Amsterdam Schiphol Airport,Air India,2,12:15 AM,1:00 PM,704,572307,NPR
Paris,Shanghai,2026-12-14,2026-12-24,Charles de Gaulle Airport,Shanghai Pudong International Airport,Emirates,1,9:00 PM,12:30 PM,417,389254,NPR
Dubai,Seoul,2026-05-21,2026-06-02,Dubai International Airport,Incheon International Airport,British Airways,1,8:30 PM,7:00 PM,874,95976,NPR
Paris,Amsterdam,2026-12-30,2027-01-11,Charles de Gaulle Airport,Amsterdam Schiphol Airport,Japan Airlines,2,4:15 AM,1:30 AM,861,108232,NPR
Doha,Shanghai,2026-09-18,2026-10-02,Hamad International Airport,Shanghai Pudong International Airport,China Southern,0,12:30 PM,5:15 AM,1016,143520,NPR
Kathmandu,Hong Kong,2026-06-23,2026-06-30,Tribhuvan International Airport,Hong Kong International Airport,China Southern,1,9:15 AM,3:30 AM,1205,503360,NPR
Doha,Tokyo,2026-12-22,2026-12-31,Hamad International Airport,Narita International Airport,Thai Airways,1,9:00 PM,11:15 AM,1202,517080,NPR
Singapore,Istanbul,2026-07-08,2026-07-22,Changi Airport,Istanbul Airport,Korean Air,0,1:30 PM,7:15 PM,1089,496711,NPR
Delhi,Seoul,2026-09-09,2026-09-19,Indira Gandhi International Airport,Incheon International Airport,Air France,1,8:15 PM,3:00 PM,795,540963,NPR
Singapore,Shanghai,2026-12-19,2026-12-31,Changi Airport,Shanghai Pudong International Airport,ANA,1,4:30 AM,7:45 AM,805,100046,NPR
Kuala Lumpur,Shanghai,2026-12-21,2026-12-26,Kuala Lumpur International Airport,Shanghai Pudong International Airport,flydubai and Emirates,0,4:45 PM,1:00 PM,1151,315688,NPR
Tokyo,Los Angeles,2026-09-27,2026-10-03,Narita International Airport,Los Angeles International Airport,flydubai and Emirates,0,3:45 AM,5:15 AM,1004,97457,NPR
Delhi,Frankfurt,2026-12-11,2026-12-20,Indira Gandhi International Airport,Frankfurt Airport,Japan Airlines,2,11:45 PM,9:45 PM,742,407915,NPR
Dubai,Sydney,2026-06-17,2026-06-23,Dubai International Airport,Sydney Kingsford Smith Airport,Lufthansa,0,1:00 PM,12:45 AM,438,63950,NPR
Dubai,Istanbul,2026-08-26,2026-09-06,Dubai International Airport,Istanbul Airport,British Airways,1,7:30 PM,10:45 PM,819,141892,NPR
Dubai,Beijing,2026-05-04,2026-05-12,Dubai International Airport,Beijing Capital International Airport,Cathay Pacific,0,10:15 PM,12:15 AM,1185,202205,NPR
Paris,Sydney,2026-08-20,2026-09-02,Charles de Gaulle Airport,Sydney Kingsford Smith Airport,Air India,0,9:45 AM,4:45 AM,1064,72876,NPR
Delhi,Beijing,2026-12-18,2026-12-25,Indira Gandhi International Airport,Beijing Capital International Airport,Air France,1,3:00 PM,2:15 PM,612,359153,NPR
Hong Kong,Frankfurt,2026-05-14,2026-05-24,Hong Kong International Airport,Frankfurt Airport,Emirates,0,8:45 PM,1:45 PM,795,88815,NPR
Bangkok,Frankfurt,2026-09-02,2026-09-15,Suvarnabhumi Airport,Frankfurt Airport,British Airways,1,10:00 PM,4:00 PM,1064,381192,NPR
Kuala Lumpur,Shanghai,2026-07-08,2026-07-19,Kuala Lumpur International Airport,Shanghai Pudong International Airport,British Airways,0,3:30 PM,2:45 PM,242,219170,NPR
New York,Singapore,2026-06-19,2026-07-01,John F. Kennedy International Airport,Changi Airport,Etihad Airways,1,7:15 AM,6:30 PM,1159,187529,NPR
New York,Singapore,2026-10-30,2026-11-10,John F. Kennedy International Airport,Changi Airport,Korean Air,1,3:15 PM,7:15 PM,778,140378,NPR
Paris,Istanbul,2026-06-03,2026-06-10,Charles de Gaulle Airport,Istanbul Airport,Air India,1,7:45 PM,3:45 AM,1211,368402,NPR
London,Sydney,2026-09-20,2026-09-25,Heathrow Airport,Sydney Kingsford Smith Airport,Emirates,1,8:30 AM,9:15 PM,557,577935,NPR
Kathmandu,Tokyo,2026-05-17,2026-05-27,Tribhuvan International Airport,Narita International Airport,Korean Air,0,7:15 PM,3:15 AM,1196,320346,NPR
Tokyo,Toronto,2026-11-13,2026-11-18,Narita International Airport,Toronto Pearson International Airport,Lufthansa,1,10:00 PM,10:00 PM,1096,529341,NPR
Delhi,Shanghai,2026-11-17,2026-12-01,Indira Gandhi International Airport,Shanghai Pudong International Airport,Cathay Pacific,2,1:00 AM,5:00 AM,620,429205,NPR
Dubai,Singapore,2026-07-14,2026-07-26,Dubai International Airport,Changi Airport,flydubai and Emirates,1,11:00 PM,4:30 AM,885,194464,NPR
Delhi,Hong Kong,2026-06-21,2026-07-03,Indira Gandhi International Airport,Hong Kong International Airport,Korean Air,0,7:45 AM,10:30 AM,1234,229581,NPR
Delhi,Los Angeles,2026-08-04,2026-08-15,Indira Gandhi International Airport,Los Angeles International Airport,Etihad Airways,1,4:45 AM,7:15 AM,1078,483491,NPR
Singapore,Istanbul,2026-12-30,2027-01-12,Changi Airport,Istanbul Airport,Etihad Airways,0,2:15 PM,12:00 AM,373,404737,NPR
Tokyo,Frankfurt,2026-11-14,2026-11-21,Narita International Airport,Frankfurt Airport,Korean Air,0,12:00 PM,9:15 PM,318,595027,NPR
New York,Frankfurt,2026-08-11,2026-08-24,John F. Kennedy International Airport,Frankfurt Airport,ANA,1,11:00 AM,8:15 AM,1027,517863,NPR
Paris,Sydney,2026-12-14,2026-12-27,Charles de Gaulle Airport,Sydney Kingsford Smith Airport,Air France,1,8:45 PM,6:30 AM,372,88766,NPR
Kuala Lumpur,Toronto,2026-08-08,2026-08-15,Kuala Lumpur International Airport,Toronto Pearson International Airport,flydubai and Emirates,2,9:15 AM,2:30 AM,1267,407259,NPR
Paris,Beijing,2026-05-06,2026-05-11,Charles de Gaulle Airport,Beijing Capital International Airport,Lufthansa,1,9:45 AM,4:00 PM,322,441096,NPR
New York,Dubai,2026-09-07,2026-09-17,John F. Kennedy International Airport,Dubai International Airport,Cathay Pacific,0,8:00 PM,2:30 PM,210,525159,NPR
Tokyo,Sydney,2026-11-23,2026-12-07,Narita International Airport,Sydney Kingsford Smith Airport,Turkish Airlines,1,9:30 AM,9:15 PM,973,594909,NPR
Doha,Sydney,2026-05-27,2026-06-06,Hamad International Airport,Sydney Kingsford Smith Airport,flydubai and Emirates,2,6:30 AM,2:00 PM,500,496370,NPR
Singapore,Shanghai,2026-05-24,2026-05-29,Changi Airport,Shanghai Pudong International Airport,Korean Air,1,3:15 PM,2:00 PM,956,472317,NPR
Hong Kong,Rome,2026-09-10,2026-09-21,Hong Kong International Airport,Leonardo da Vinci International Airport,Lufthansa,2,3:45 PM,2:45 PM,1053,220753,NPR
Dubai,Rome,2026-06-02,2026-06-14,Dubai International Airport,Leonardo da Vinci International Airport,Air France,1,10:00 PM,10:15 PM,1132,546349,NPR
Kathmandu,Singapore,2026-06-10,2026-06-23,Tribhuvan International Airport,Changi Airport,Etihad Airways,0,7:45 PM,3:00 AM,956,353657,NPR
Kathmandu,Rome,2026-06-09,2026-06-15,Tribhuvan International Airport,Leonardo da Vinci International Airport,Etihad Airways,1,11:30 AM,9:45 AM,257,199809,NPR
Dubai,Tokyo,2026-09-28,2026-10-09,Dubai International Airport,Narita International Airport,Qatar Airways,1,9:15 AM,5:45 AM,204,178270,NPR
Kuala Lumpur,Toronto,2026-05-18,2026-05-23,Kuala Lumpur International Airport,Toronto Pearson International Airport,Korean Air,1,6:30 PM,6:45 PM,891,445633,NPR
Bangkok,Hong Kong,2026-11-01,2026-11-15,Suvarnabhumi Airport,Hong Kong International Airport,Thai Airways,1,4:45 PM,2:45 PM,505,391013,NPR
Delhi,Tokyo,2026-10-07,2026-10-21,Indira Gandhi International Airport,Narita International Airport,Korean Air,1,7:45 AM,10:00 AM,1107,340848,NPR
Paris,Shanghai,2026-12-08,2026-12-15,Charles de Gaulle Airport,Shanghai Pudong International Airport,Emirates,2,8:30 PM,5:00 PM,374,251774,NPR
Hong Kong,Rome,2026-09-25,2026-09-30,Hong Kong International Airport,Leonardo da Vinci International Airport,flydubai and Emirates,1,3:00 PM,3:15 AM,238,338319,NPR
London,Sydney,2026-11-29,2026-12-13,Heathrow Airport,Sydney Kingsford Smith Airport,Air France,0,5:30 PM,12:00 PM,1206,74393,NPR
Tokyo,Frankfurt,2026-06-16,2026-06-27,Narita International Airport,Frankfurt Airport,Emirates,2,10:45 AM,8:00 AM,434,154158,NPR
Kuala Lumpur,Beijing,2026-07-13,2026-07-20,Kuala Lumpur International Airport,Beijing Capital International Airport,Malaysia Airlines,1,2:15 AM,9:45 AM,546,111775,NPR
Hong Kong,Toronto,2026-06-16,2026-06-21,Hong Kong International Airport,Toronto Pearson International Airport,Qatar Airways,1,12:00 PM,10:15 AM,1045,389966,NPR
New York,Frankfurt,2026-12-28,2027-01-03,John F. Kennedy International Airport,Frankfurt Airport,Qatar Airways,1,7:15 AM,3:45 PM,435,332368,NPR
Kathmandu,Toronto,2026-08-27,2026-09-09,Tribhuvan International Airport,Toronto Pearson International Airport,Korean Air,0,3:00 PM,1:15 PM,238,332234,NPR
Kuala Lumpur,Amsterdam,2026-10-20,2026-10-26,Kuala Lumpur International Airport,Amsterdam Schiphol Airport,Turkish Airlines,2,8:15 PM,9:45 AM,1113,137984,NPR
Paris,Rome,2026-06-22,2026-06-29,Charles de Gaulle Airport,Leonardo da Vinci International Airport,Etihad Airways,2,5:15 AM,5:45 PM,1125,93822,NPR
Kathmandu,Hong Kong,2026-08-27,2026-09-10,Tribhuvan International Airport,Hong Kong International Airport,ANA,1,12:00 AM,3:30 PM,713,448619,NPR
Tokyo,Hong Kong,2026-10-09,2026-10-17,Narita International Airport,Hong Kong International Airport,flydubai and Emirates,1,1:15 AM,11:00 PM,815,144073,NPR
Singapore,Shanghai,2026-11-29,2026-12-06,Changi Airport,Shanghai Pudong International Airport,Lufthansa,1,6:30 AM,9:30 PM,735,524709,NPR
New York,Sydney,2026-10-17,2026-10-27,John F. Kennedy International Airport,Sydney Kingsford Smith Airport,Japan Airlines,1,2:30 PM,12:15 AM,204,549676,NPR
Kathmandu,Seoul,2026-10-20,2026-10-27,Tribhuvan International Airport,Incheon International Airport,Korean Air,2,10:45 PM,12:00 PM,358,82450,NPR
Paris,Istanbul,2026-10-20,2026-10-26,Charles de Gaulle Airport,Istanbul Airport,Etihad Airways,1,7:30 PM,12:15 PM,217,180824,NPR
Bangkok,Toronto,2026-12-26,2027-01-03,Suvarnabhumi Airport,Toronto Pearson International Airport,Air France,0,7:00 AM,8:30 AM,592,144336,NPR
Hong Kong,Dubai,2026-07-17,2026-07-25,Hong Kong International Airport,Dubai International Airport,Turkish Airlines,1,11:00 AM,8:45 AM,628,57482,NPR
London,Hong Kong,2026-10-11,2026-10-22,Heathrow Airport,Hong Kong International Airport,Cathay Pacific,1,6:45 PM,5:15 AM,559,118535,NPR
Hong Kong,Beijing,2026-11-07,2026-11-13,Hong Kong International Airport,Beijing Capital International Airport,Thai Airways,1,6:15 PM,4:30 PM,592,74240,NPR
Doha,Dubai,2026-09-14,2026-09-28,Hamad International Airport,Dubai International Airport,Lufthansa,2,2:00 PM,1:00 PM,861,503559,NPR
Singapore,Los Angeles,2026-06-01,2026-06-14,Changi Airport,Los Angeles International Airport,Air France,1,11:00 AM,11:15 PM,296,341433,NPR
Singapore,Rome,2026-08-23,2026-09-02,Changi Airport,Leonardo da Vinci International Airport,Emirates,1,6:30 AM,2:00 AM,662,494407,NPR
Delhi,Sydney,2026-06-20,2026-06-27,Indira Gandhi International Airport,Sydney Kingsford Smith Airport,Japan Airlines,1,2:00 AM,12:45 AM,1084,75190,NPR
Hong Kong,Tokyo,2026-10-08,2026-10-18,Hong Kong International Airport,Narita International Airport,Lufthansa,1,3:45 AM,7:30 AM,311,399792,NPR
Kuala Lumpur,Tokyo,2026-06-30,2026-07-06,Kuala Lumpur International Airport,Narita International Airport,Air France,0,8:45 PM,6:00 PM,375,113634,NPR
Kathmandu,Frankfurt,2026-07-20,2026-07-26,Tribhuvan International Airport,Frankfurt Airport,Thai Airways,0,2:00 PM,9:45 AM,334,156773,NPR
Paris,Seoul,2026-09-21,2026-09-26,Charles de Gaulle Airport,Incheon International Airport,ANA,1,12:00 PM,7:45 PM,677,61121,NPR
Bangkok,Frankfurt,2026-08-27,2026-09-07,Suvarnabhumi Airport,Frankfurt Airport,Cathay Pacific,1,8:00 PM,2:30 PM,594,163253,NPR
Delhi,Seoul,2026-09-30,2026-10-06,Indira Gandhi International Airport,Incheon International Airport,Air India,2,4:30 AM,11:45 AM,1185,516222,NPR
Dubai,Sydney,2026-06-05,2026-06-10,Dubai International Airport,Sydney Kingsford Smith Airport,Qatar Airways,1,9:45 AM,4:30 PM,837,202698,NPR
Dubai,Istanbul,2026-07-19,2026-08-02,Dubai International Airport,Istanbul Airport,Japan Airlines,1,11:00 AM,4:15 PM,317,298918,NPR
Kuala Lumpur,Hong Kong,2026-11-30,2026-12-13,Kuala Lumpur International Airport,Hong Kong International Airport,Qatar Airways,1,11:15 AM,6:15 AM,340,408143,NPR
London,Dubai,2026-08-30,2026-09-11,Heathrow Airport,Dubai International Airport,Japan Airlines,2,6:30 PM,7:30 PM,1057,394582,NPR
Dubai,Shanghai,2026-08-25,2026-08-30,Dubai International Airport,Shanghai Pudong International Airport,British Airways,1,12:15 AM,10:15 PM,1155,273491,NPR
London,Istanbul,2026-11-05,2026-11-15,Heathrow Airport,Istanbul Airport,China Southern,1,12:15 PM,12:30 AM,220,127312,NPR
Tokyo,Seoul,2026-09-20,2026-09-26,Narita International Airport,Incheon International Airport,Thai Airways,1,2:15 PM,8:30 PM,289,81127,NPR
London,Sydney,2026-07-12,2026-07-19,Heathrow Airport,Sydney Kingsford Smith Airport,Turkish Airlines,1,11:15 PM,10:15 AM,565,255507,NPR
Kathmandu,Beijing,2026-12-02,2026-12-11,Tribhuvan International Airport,Beijing Capital International Airport,Cathay Pacific,0,9:15 PM,12:00 PM,893,270449,NPR
New York,Istanbul,2026-07-01,2026-07-11,John F. Kennedy International Airport,Istanbul Airport,Etihad Airways,1,4:45 PM,10:00 PM,442,201448,NPR
Dubai,Tokyo,2026-06-18,2026-06-26,Dubai International Airport,Narita International Airport,China Southern,1,10:45 AM,8:15 PM,294,248287,NPR
Kuala Lumpur,Los Angeles,2026-11-19,2026-11-26,Kuala Lumpur International Airport,Los Angeles International Airport,Japan Airlines,1,1:30 AM,4:45 AM,628,135362,NPR
Bangkok,Tokyo,2026-10-17,2026-10-31,Suvarnabhumi Airport,Narita International Airport,Singapore Airlines,1,4:45 PM,8:30 PM,1221,594098,NPR
Bangkok,Beijing,2026-07-22,2026-08-01,Suvarnabhumi Airport,Beijing Capital International Airport,flydubai and Emirates,1,10:45 PM,3:30 PM,1021,88382,NPR
London,Sydney,2026-12-16,2026-12-24,Heathrow Airport,Sydney Kingsford Smith Airport,Air France,1,12:15 PM,9:45 AM,972,214845,NPR
Tokyo,Los Angeles,2026-09-18,2026-09-24,Narita International Airport,Los Angeles International Airport,Thai Airways,0,9:45 AM,4:30 PM,671,93141,NPR
Bangkok,Rome,2026-10-07,2026-10-17,Suvarnabhumi Airport,Leonardo da Vinci International Airport,Korean Air,1,2:45 PM,1:30 PM,1218,382420,NPR
New York,Frankfurt,2026-05-07,2026-05-14,John F. Kennedy International Airport,Frankfurt Airport,Air France,1,8:00 AM,11:00 AM,803,576138,NPR
Kuala Lumpur,Rome,2026-10-12,2026-10-18,Kuala Lumpur International Airport,Leonardo da Vinci International Airport,Lufthansa,1,3:00 AM,2:30 AM,278,260036,NPR
Tokyo,Sydney,2026-10-20,2026-10-30,Narita International Airport,Sydney Kingsford Smith Airport,Lufthansa,1,11:30 PM,6:15 AM,734,58948,NPR
New York,Los Angeles,2026-11-27,2026-12-07,John F. Kennedy International Airport,Los Angeles International Airport,China Southern,1,6:00 PM,3:15 PM,1014,288633,NPR
London,Singapore,2026-11-08,2026-11-16,Heathrow Airport,Changi Airport,British Airways,1,4:45 PM,11:45 PM,897,140047,NPR
Tokyo,Hong Kong,2026-06-18,2026-06-29,Narita International Airport,Hong Kong International Airport,Korean Air,1,2:45 PM,5:00 PM,967,195699,NPR
Hong Kong,Beijing,2026-07-18,2026-07-23,Hong Kong International Airport,Beijing Capital International Airport,British Airways,1,10:15 AM,1:45 PM,1026,364192,NPR
Tokyo,Amsterdam,2026-05-06,2026-05-20,Narita International Airport,Amsterdam Schiphol Airport,Qatar Airways,1,4:30 AM,6:45 PM,980,264124,NPR
Singapore,Shanghai,2026-09-14,2026-09-25,Changi Airport,Shanghai Pudong International Airport,Air India,1,3:30 AM,6:45 PM,823,147770,NPR
Dubai,Shanghai,2026-10-20,2026-11-02,Dubai International Airport,Shanghai Pudong International Airport,Malaysia Airlines,0,10:45 PM,12:15 AM,607,122866,NPR
Singapore,Los Angeles,2026-06-22,2026-06-30,Changi Airport,Los Angeles International Airport,ANA,2,2:45 AM,1:30 AM,1261,61583,NPR
Dubai,Toronto,2026-12-07,2026-12-18,Dubai International Airport,Toronto Pearson International Airport,China Southern,1,3:15 AM,5:45 PM,1179,122103,NPR
Singapore,Hong Kong,2026-06-22,2026-06-29,Changi Airport,Hong Kong International Airport,Air India,1,1:45 PM,5:30 AM,615,576883,NPR
Doha,Dubai,2026-08-26,2026-09-04,Hamad International Airport,Dubai International Airport,Air India,0,4:45 AM,2:45 AM,705,394867,NPR
Hong Kong,Istanbul,2026-08-26,2026-09-07,Hong Kong International Airport,Istanbul Airport,Qatar Airways,0,9:45 AM,11:30 AM,1000,233633,NPR
Singapore,Sydney,2026-06-15,2026-06-29,Changi Airport,Sydney Kingsford Smith Airport,Korean Air,1,12:15 PM,10:00 PM,1005,95785,NPR
London,Hong Kong,2026-06-10,2026-06-19,Heathrow Airport,Hong Kong International Airport,ANA,0,10:15 PM,3:45 PM,448,436643,NPR
Delhi,Tokyo,2026-05-27,2026-06-09,Indira Gandhi International Airport,Narita International Airport,Japan Airlines,1,2:15 PM,8:15 AM,1236,96803,NPR
Bangkok,Seoul,2026-05-19,2026-05-31,Suvarnabhumi Airport,Incheon International Airport,China Southern,1,11:45 PM,6:45 AM,277,61258,NPR
New York,Shanghai,2026-10-29,2026-11-05,John F. Kennedy International Airport,Shanghai Pudong International Airport,Japan Airlines,1,3:45 PM,2:00 AM,696,508986,NPR
Dubai,Istanbul,2026-11-27,2026-12-06,Dubai International Airport,Istanbul Airport,Malaysia Airlines,1,12:00 AM,5:30 AM,454,459835,NPR
Dubai,Shanghai,2026-10-19,2026-10-24,Dubai International Airport,Shanghai Pudong International Airport,Lufthansa,1,2:30 PM,5:15 AM,270,276667,NPR
Bangkok,Singapore,2026-05-13,2026-05-26,Suvarnabhumi Airport,Changi Airport,Cathay Pacific,1,10:30 PM,2:00 PM,209,101028,NPR
Singapore,Tokyo,2026-06-21,2026-06-29,Changi Airport,Narita International Airport,Etihad Airways,1,6:00 AM,12:45 AM,257,65267,NPR
Tokyo,Hong Kong,2026-06-19,2026-06-25,Narita International Airport,Hong Kong International Airport,Turkish Airlines,0,9:15 PM,11:15 PM,290,485872,NPR
Kuala Lumpur,Shanghai,2026-11-25,2026-12-05,Kuala Lumpur International Airport,Shanghai Pudong International Airport,Japan Airlines,2,8:15 PM,7:15 PM,1009,498665,NPR
Delhi,Sydney,2026-06-24,2026-06-30,Indira Gandhi International Airport,Sydney Kingsford Smith Airport,Etihad Airways,1,5:00 AM,12:30 PM,224,458091,NPR
London,Istanbul,2026-06-26,2026-07-02,Heathrow Airport,Istanbul Airport,Lufthansa,2,11:00 AM,2:15 AM,1041,366181,NPR
Hong Kong,Istanbul,2026-05-27,2026-06-09,Hong Kong International Airport,Istanbul Airport,Malaysia Airlines,1,3:30 AM,8:45 PM,472,398176,NPR
Dubai,Tokyo,2026-12-13,2026-12-23,Dubai International Airport,Narita International Airport,British Airways,0,10:00 AM,7:45 PM,983,585849,NPR
Paris,Singapore,2026-06-29,2026-07-12,Charles de Gaulle Airport,Changi Airport,Emirates,1,12:00 AM,9:15 AM,1077,305376,NPR
Hong Kong,Shanghai,2026-05-16,2026-05-23,Hong Kong International Airport,Shanghai Pudong International Airport,Etihad Airways,1,9:15 AM,4:45 AM,618,89748,NPR
London,Singapore,2026-10-01,2026-10-13,Heathrow Airport,Changi Airport,Japan Airlines,1,8:30 AM,8:00 PM,1266,485047,NPR
Paris,Hong Kong,2026-07-13,2026-07-18,Charles de Gaulle Airport,Hong Kong International Airport,Turkish Airlines,1,10:15 AM,6:00 AM,708,283249,NPR
Hong Kong,Frankfurt,2026-09-11,2026-09-21,Hong Kong International Airport,Frankfurt Airport,Malaysia Airlines,1,8:00 PM,2:45 AM,343,251814,NPR
Kathmandu,Dubai,2026-06-06,2026-06-14,Tribhuvan International Airport,Dubai International Airport,Thai Airways,0,5:15 AM,7:00 AM,1072,539762,NPR
New York,Beijing,2026-11-01,2026-11-09,John F. Kennedy International Airport,Beijing Capital International Airport,Turkish Airlines,1,5:15 AM,9:30 AM,1118,261184,NPR
New York,Hong Kong,2026-11-17,2026-11-29,John F. Kennedy International Airport,Hong Kong International Airport,Singapore Airlines,1,12:45 PM,5:45 AM,1103,493230,NPR
Kuala Lumpur,Amsterdam,2026-11-05,2026-11-16,Kuala Lumpur International Airport,Amsterdam Schiphol Airport,Thai Airways,1,12:45 AM,1:00 PM,814,210221,NPR
Kuala Lumpur,Singapore,2026-06-14,2026-06-23,Kuala Lumpur International Airport,Changi Airport,China Southern,1,9:45 AM,9:45 AM,1184,125434,NPR
Tokyo,Beijing,2026-10-31,2026-11-12,Narita International Airport,Beijing Capital International Airport,Air India,1,6:00 AM,12:30 AM,1206,474206,NPR
Singapore,Frankfurt,2026-11-07,2026-11-17,Changi Airport,Frankfurt Airport,China Southern,1,9:00 AM,1:00 PM,454,453519,NPR
Hong Kong,Beijing,2026-06-19,2026-06-30,Hong Kong International Airport,Beijing Capital International Airport,Lufthansa,1,4:45 PM,8:30 PM,318,454051,NPR
Singapore,Sydney,2026-07-02,2026-07-14,Changi Airport,Sydney Kingsford Smith Airport,Qatar Airways,1,8:00 PM,10:15 PM,735,527595,NPR
Paris,Beijing,2026-07-05,2026-07-13,Charles de Gaulle Airport,Beijing Capital International Airport,Malaysia Airlines,0,3:00 AM,8:45 PM,1014,134251,NPR
Kuala Lumpur,Sydney,2026-12-11,2026-12-22,Kuala Lumpur International Airport,Sydney Kingsford Smith Airport,Malaysia Airlines,1,8:30 AM,4:45 PM,830,481603,NPR
Doha,Hong Kong,2026-05-23,2026-05-29,Hamad International Airport,Hong Kong International Airport,Etihad Airways,1,8:15 AM,11:45 PM,830,56732,NPR
Dubai,Hong Kong,2026-09-03,2026-09-08,Dubai International Airport,Hong Kong International Airport,Cathay Pacific,0,10:45 PM,4:45 PM,790,501883,NPR
Dubai,Beijing,2026-08-04,2026-08-11,Dubai International Airport,Beijing Capital International Airport,Thai Airways,1,3:15 PM,4:00 PM,1122,272899,NPR
Dubai,Sydney,2026-05-16,2026-05-23,Dubai International Airport,Sydney Kingsford Smith Airport,Air India,1,1:45 PM,8:00 PM,540,133686,NPR
New York,Shanghai,2026-08-05,2026-08-11,John F. Kennedy International Airport,Shanghai Pudong International Airport,Lufthansa,0,10:00 AM,6:15 PM,1178,558763,NPR
Paris,Tokyo,2026-05-26,2026-05-31,Charles de Gaulle Airport,Narita International Airport,Qatar Airways,1,12:00 AM,3:15 AM,1269,57614,NPR
Singapore,Amsterdam,2026-09-11,2026-09-20,Changi Airport,Amsterdam Schiphol Airport,British Airways,1,10:45 AM,10:30 AM,902,380536,NPR
London,Toronto,2026-10-18,2026-10-29,Heathrow Airport,Toronto Pearson International Airport,China Southern,2,1:30 AM,10:00 AM,206,529114,NPR
Doha,Frankfurt,2026-11-02,2026-11-09,Hamad International Airport,Frankfurt Airport,Emirates,2,3:30 AM,10:15 PM,954,523870,NPR
Hong Kong,Dubai,2026-10-16,2026-10-28,Hong Kong International Airport,Dubai International Airport,flydubai and Emirates,1,9:15 PM,12:30 AM,234,427702,NPR
Kathmandu,Tokyo,2026-11-05,2026-11-15,Tribhuvan International Airport,Narita International Airport,Air France,1,7:45 PM,12:00 PM,913,498702,NPR
Bangkok,Dubai,2026-12-06,2026-12-12,Suvarnabhumi Airport,Dubai International Airport,China Southern,1,7:15 PM,10:15 PM,1265,579149,NPR
Kathmandu,Beijing,2026-09-05,2026-09-11,Tribhuvan International Airport,Beijing Capital International Airport,ANA,2,2:15 PM,2:00 PM,1187,302603,NPR
London,Sydney,2026-06-13,2026-06-19,Heathrow Airport,Sydney Kingsford Smith Airport,Cathay Pacific,1,10:00 PM,5:30 AM,985,343976,NPR
London,Singapore,2026-07-05,2026-07-17,Heathrow Airport,Changi Airport,Cathay Pacific,1,5:45 PM,2:30 AM,658,117808,NPR
Paris,Toronto,2026-08-05,2026-08-16,Charles de Gaulle Airport,Toronto Pearson International Airport,Korean Air,1,7:30 AM,3:30 AM,379,166793,NPR
Delhi,Toronto,2026-11-06,2026-11-20,Indira Gandhi International Airport,Toronto Pearson International Airport,Air India,0,6:30 PM,4:30 AM,978,51760,NPR
New York,Seoul,2026-09-29,2026-10-12,John F. Kennedy International Airport,Incheon International Airport,Air India,1,1:30 PM,11:15 AM,1264,282932,NPR
Delhi,Frankfurt,2026-05-03,2026-05-16,Indira Gandhi International Airport,Frankfurt Airport,Air France,1,4:30 AM,7:45 AM,1133,204586,NPR
Hong Kong,Los Angeles,2026-06-07,2026-06-12,Hong Kong International Airport,Los Angeles International Airport,Japan Airlines,1,4:00 PM,8:45 AM,641,569071,NPR
New York,Singapore,2026-08-05,2026-08-10,John F. Kennedy International Airport,Changi Airport,Japan Airlines,1,10:15 PM,11:15 PM,307,237716,NPR
Bangkok,Singapore,2026-08-09,2026-08-18,Suvarnabhumi Airport,Changi Airport,Malaysia Airlines,0,5:45 PM,10:45 AM,1169,415226,NPR
Singapore,Frankfurt,2026-05-19,2026-06-01,Changi Airport,Frankfurt Airport,ANA,1,10:15 PM,10:45 PM,399,187259,NPR
Tokyo,Amsterdam,2026-12-08,2026-12-13,Narita International Airport,Amsterdam Schiphol Airport,ANA,1,8:15 PM,6:15 PM,1104,555876,NPR
New York,Beijing,2026-06-23,2026-07-01,John F. Kennedy International Airport,Beijing Capital International Airport,Air India,0,11:00 AM,9:15 PM,971,497858,NPR
Paris,Hong Kong,2026-06-13,2026-06-18,Charles de Gaulle Airport,Hong Kong International Airport,Cathay Pacific,1,3:15 PM,1:00 AM,1255,404928,NPR
Hong Kong,Frankfurt,2026-06-08,2026-06-19,Hong Kong International Airport,Frankfurt Airport,Turkish Airlines,0,3:15 AM,12:45 PM,819,230865,NPR
Paris,Singapore,2026-08-05,2026-08-11,Charles de Gaulle Airport,Changi Airport,Air France,1,8:45 AM,11:00 AM,445,172292,NPR
Delhi,Shanghai,2026-09-03,2026-09-16,Indira Gandhi International Airport,Shanghai Pudong International Airport,Turkish Airlines,0,6:45 PM,8:00 AM,570,452611,NPR
Bangkok,Dubai,2026-10-27,2026-11-07,Suvarnabhumi Airport,Dubai International Airport,ANA,2,4:00 AM,10:00 AM,1300,243871,NPR
Singapore,Hong Kong,2026-10-27,2026-11-01,Changi Airport,Hong Kong International Airport,China Southern,2,5:45 PM,2:00 AM,624,173025,NPR
Dubai,Hong Kong,2026-10-01,2026-10-08,Dubai International Airport,Hong Kong International Airport,Emirates,2,2:30 PM,3:00 AM,463,266247,NPR
Paris,Beijing,2026-05-23,2026-06-05,Charles de Gaulle Airport,Beijing Capital International Airport,Lufthansa,0,2:00 AM,4:30 PM,944,229938,NPR
Singapore,Dubai,2026-05-01,2026-05-09,Changi Airport,Dubai International Airport,ANA,0,4:30 PM,9:45 PM,486,564266,NPR
Doha,Toronto,2026-09-11,2026-09-21,Hamad International Airport,Toronto Pearson International Airport,flydubai and Emirates,1,10:00 PM,9:00 PM,685,88518,NPR
London,Beijing,2026-07-16,2026-07-24,Heathrow Airport,Beijing Capital International Airport,Thai Airways,2,5:15 PM,6:30 PM,768,184733,NPR
Doha,Amsterdam,2026-08-17,2026-08-23,Hamad International Airport,Amsterdam Schiphol Airport,Lufthansa,1,12:15 PM,12:45 PM,370,316526,NPR
Paris,Frankfurt,2026-12-27,2027-01-03,Charles de Gaulle Airport,Frankfurt Airport,Air India,0,8:30 PM,8:15 PM,962,586270,NPR
Hong Kong,Beijing,2026-08-16,2026-08-23,Hong Kong International Airport,Beijing Capital International Airport,Japan Airlines,1,12:00 PM,7:15 PM,358,333246,NPR
Delhi,Rome,2026-05-29,2026-06-11,Indira Gandhi International Airport,Leonardo da Vinci International Airport,Korean Air,0,10:00 AM,11:30 AM,759,203437,NPR
London,Los Angeles,2026-05-03,2026-05-09,Heathrow Airport,Los Angeles International Airport,China Southern,1,12:00 PM,3:15 AM,1278,371440,NPR
Hong Kong,Tokyo,2026-09-03,2026-09-09,Hong Kong International Airport,Narita International Airport,flydubai and Emirates,1,10:30 PM,5:30 PM,402,100293,NPR
Dubai,Toronto,2026-12-29,2027-01-09,Dubai International Airport,Toronto Pearson International Airport,Malaysia Airlines,1,11:45 PM,3:15 PM,730,59958,NPR
Paris,Rome,2026-10-30,2026-11-06,Charles de Gaulle Airport,Leonardo da Vinci International Airport,Thai Airways,1,12:30 PM,1:30 AM,710,488560,NPR
Doha,Istanbul,2026-06-16,2026-06-28,Hamad International Airport,Istanbul Airport,Etihad Airways,1,4:30 PM,8:45 AM,1266,289876,NPR
New York,Dubai,2026-12-06,2026-12-12,John F. Kennedy International Airport,Dubai International Airport,ANA,1,10:00 AM,8:00 PM,357,301696,NPR
Delhi,Beijing,2026-09-25,2026-09-30,Indira Gandhi International Airport,Beijing Capital International Airport,Singapore Airlines,1,5:45 PM,12:45 AM,1241,193055,NPR
Bangkok,Istanbul,2026-09-09,2026-09-22,Suvarnabhumi Airport,Istanbul Airport,Cathay Pacific,1,12:15 AM,11:00 PM,1070,411822,NPR
London,Singapore,2026-10-17,2026-10-30,Heathrow Airport,Changi Airport,Qatar Airways,2,2:15 PM,9:15 PM,558,128771,NPR
Tokyo,Hong Kong,2026-06-04,2026-06-17,Narita International Airport,Hong Kong International Airport,Etihad Airways,0,1:45 PM,12:15 PM,964,168733,NPR
Tokyo,Dubai,2026-07-03,2026-07-16,Narita International Airport,Dubai International Airport,Cathay Pacific,1,9:45 AM,9:30 AM,636,52342,NPR
Doha,Dubai,2026-09-23,2026-10-04,Hamad International Airport,Dubai International Airport,Air India,1,8:00 PM,2:45 PM,317,423024,NPR
Kathmandu,Amsterdam,2026-08-26,2026-09-05,Tribhuvan International Airport,Amsterdam Schiphol Airport,ANA,1,3:00 AM,11:15 AM,1023,421754,NPR
Kathmandu,Shanghai,2026-08-19,2026-08-31,Tribhuvan International Airport,Shanghai Pudong International Airport,Air India,0,4:15 PM,1:00 PM,1198,57246,NPR
Dubai,Tokyo,2026-10-16,2026-10-25,Dubai International Airport,Narita International Airport,Turkish Airlines,1,12:30 PM,9:30 AM,1077,241031,NPR
Kuala Lumpur,Tokyo,2026-07-08,2026-07-14,Kuala Lumpur International Airport,Narita International Airport,Air France,1,5:15 AM,11:45 AM,211,426687,NPR
Doha,Sydney,2026-05-29,2026-06-06,Hamad International Airport,Sydney Kingsford Smith Airport,ANA,0,4:45 AM,1:30 PM,264,218099,NPR
Paris,Sydney,2026-12-29,2027-01-10,Charles de Gaulle Airport,Sydney Kingsford Smith Airport,Lufthansa,0,1:45 PM,5:45 PM,460,390669,NPR
Singapore,Rome,2026-11-02,2026-11-13,Changi Airport,Leonardo da Vinci International Airport,Thai Airways,0,3:00 AM,4:15 AM,904,574288,NPR
Kathmandu,Tokyo,2026-10-23,2026-10-31,Tribhuvan International Airport,Narita International Airport,Qatar Airways,1,1:00 PM,1:45 PM,792,345932,NPR
Bangkok,Shanghai,2026-11-11,2026-11-22,Suvarnabhumi Airport,Shanghai Pudong International Airport,Turkish Airlines,2,4:15 AM,7:30 AM,435,326331,NPR
Doha,Sydney,2026-10-18,2026-10-29,Hamad International Airport,Sydney Kingsford Smith Airport,Air India,1,10:00 PM,10:15 PM,586,205950,NPR
London,Shanghai,2026-06-03,2026-06-14,Heathrow Airport,Shanghai Pudong International Airport,Qatar Airways,1,6:15 AM,1:00 PM,608,145352,NPR
Kathmandu,Frankfurt,2026-08-13,2026-08-26,Tribhuvan International Airport,Frankfurt Airport,ANA,1,7:30 AM,1:45 PM,325,584630,NPR
Singapore,Dubai,2026-05-14,2026-05-23,Changi Airport,Dubai International Airport,Cathay Pacific,1,11:30 AM,11:45 AM,705,385377,NPR
Kathmandu,Beijing,2026-05-11,2026-05-16,Tribhuvan International Airport,Beijing Capital International Airport,Qatar Airways,1,6:30 AM,3:30 PM,406,501839,NPR
Dubai,Los Angeles,2026-12-29,2027-01-10,Dubai International Airport,Los Angeles International Airport,Etihad Airways,1,9:00 AM,3:00 AM,466,397300,NPR
Tokyo,Singapore,2026-11-24,2026-12-04,Narita International Airport,Changi Airport,flydubai and Emirates,2,11:15 AM,8:30 PM,630,452704,NPR
Delhi,Shanghai,2026-06-03,2026-06-17,Indira Gandhi International Airport,Shanghai Pudong International Airport,Cathay Pacific,0,6:15 PM,6:45 AM,402,128516,NPR
Kuala Lumpur,Amsterdam,2026-07-27,2026-08-05,Kuala Lumpur International Airport,Amsterdam Schiphol Airport,British Airways,1,5:15 PM,1:15 AM,592,488527,NPR
Kuala Lumpur,Singapore,2026-07-04,2026-07-17,Kuala Lumpur International Airport,Changi Airport,Etihad Airways,1,2:00 PM,1:00 PM,1188,489357,NPR
Kuala Lumpur,Rome,2026-11-19,2026-11-24,Kuala Lumpur International Airport,Leonardo da Vinci International Airport,Malaysia Airlines,2,8:15 AM,9:00 AM,324,249429,NPR
Doha,Hong Kong,2026-08-10,2026-08-22,Hamad International Airport,Hong Kong International Airport,flydubai and Emirates,0,5:45 AM,4:45 PM,999,470320,NPR
Hong Kong,Los Angeles,2026-06-22,2026-06-29,Hong Kong International Airport,Los Angeles International Airport,Emirates,1,6:15 PM,6:00 PM,1250,527564,NPR
Kuala Lumpur,Singapore,2026-11-01,2026-11-14,Kuala Lumpur International Airport,Changi Airport,Lufthansa,1,7:30 AM,10:30 PM,443,229420,NPR
London,Seoul,2026-09-14,2026-09-22,Heathrow Airport,Incheon International Airport,ANA,0,8:15 PM,8:15 AM,753,104022,NPR
Paris,Sydney,2026-11-27,2026-12-05,Charles de Gaulle Airport,Sydney Kingsford Smith Airport,Cathay Pacific,0,8:30 PM,8:30 PM,864,137289,NPR
Doha,Rome,2026-07-07,2026-07-14,Hamad International Airport,Leonardo da Vinci International Airport,Korean Air,2,9:30 AM,1:00 AM,928,279931,NPR
Doha,Los Angeles,2026-06-15,2026-06-24,Hamad International Airport,Los Angeles International Airport,Emirates,2,9:00 PM,11:45 PM,727,266173,NPR
Bangkok,Sydney,2026-07-23,2026-08-01,Suvarnabhumi Airport,Sydney Kingsford Smith Airport,Air India,2,8:45 PM,4:45 AM,674,504980,NPR
Tokyo,Beijing,2026-12-17,2026-12-29,Narita International Airport,Beijing Capital International Airport,Singapore Airlines,1,5:45 AM,5:15 AM,586,564345,NPR
Doha,Beijing,2026-10-13,2026-10-22,Hamad International Airport,Beijing Capital International Airport,Emirates,1,5:15 AM,12:15 PM,342,200494,NPR
Delhi,Frankfurt,2026-07-02,2026-07-14,Indira Gandhi International Airport,Frankfurt Airport,China Southern,0,11:15 PM,11:00 PM,404,446230,NPR
Singapore,Seoul,2026-05-29,2026-06-03,Changi Airport,Incheon International Airport,Qatar Airways,1,7:00 AM,8:15 AM,227,59852,NPR
Delhi,Rome,2026-11-05,2026-11-15,Indira Gandhi International Airport,Leonardo da Vinci International Airport,Singapore Airlines,1,4:45 AM,6:45 PM,534,372316,NPR
Tokyo,Istanbul,2026-06-09,2026-06-17,Narita International Airport,Istanbul Airport,Qatar Airways,2,10:30 PM,8:00 PM,243,96688,NPR
Delhi,Rome,2026-07-15,2026-07-21,Indira Gandhi International Airport,Leonardo da Vinci International Airport,flydubai and Emirates,1,4:00 AM,7:00 AM,664,497883,NPR
Singapore,Beijing,2026-07-30,2026-08-08,Changi Airport,Beijing Capital International Airport,Turkish Airlines,1,9:00 PM,3:15 PM,425,285428,NPR
Delhi,Los Angeles,2026-07-31,2026-08-06,Indira Gandhi International Airport,Los Angeles International Airport,Japan Airlines,0,11:00 AM,1:15 AM,564,499449,NPR
Kuala Lumpur,Toronto,2026-10-01,2026-10-08,Kuala Lumpur International Airport,Toronto Pearson International Airport,Korean Air,1,9:30 PM,7:30 PM,913,158970,NPR
New York,Istanbul,2026-10-17,2026-10-27,John F. Kennedy International Airport,Istanbul Airport,Lufthansa,0,12:15 AM,8:15 PM,855,204958,NPR
Singapore,Istanbul,2026-11-01,2026-11-13,Changi Airport,Istanbul Airport,Singapore Airlines,0,6:45 PM,11:30 PM,496,144840,NPR
Tokyo,Beijing,2026-06-16,2026-06-27,Narita International Airport,Beijing Capital International Airport,Etihad Airways,1,3:45 PM,3:45 PM,882,194935,NPR
Paris,Sydney,2026-08-07,2026-08-18,Charles de Gaulle Airport,Sydney Kingsford Smith Airport,British Airways,2,5:45 PM,5:15 PM,987,137679,NPR
Hong Kong,Singapore,2026-08-16,2026-08-29,Hong Kong International Airport,Changi Airport,Turkish Airlines,0,7:30 AM,12:15 AM,235,430002,NPR
Kuala Lumpur,Istanbul,2026-06-04,2026-06-10,Kuala Lumpur International Airport,Istanbul Airport,Qatar Airways,1,11:15 AM,9:45 AM,495,491531,NPR
London,Sydney,2026-11-28,2026-12-06,Heathrow Airport,Sydney Kingsford Smith Airport,Qatar Airways,1,3:15 AM,12:00 PM,1069,439739,NPR
Kathmandu,Singapore,2026-05-28,2026-06-11,Tribhuvan International Airport,Changi Airport,Singapore Airlines,1,7:15 PM,12:15 AM,948,198140,NPR
Delhi,Sydney,2026-05-20,2026-05-25,Indira Gandhi International Airport,Sydney Kingsford Smith Airport,Korean Air,1,5:45 AM,11:15 PM,1280,364056,NPR
Bangkok,Frankfurt,2026-11-01,2026-11-11,Suvarnabhumi Airport,Frankfurt Airport,Air France,0,9:00 AM,4:00 AM,265,232012,NPR
Kuala Lumpur,Beijing,2026-05-03,2026-05-14,Kuala Lumpur International Airport,Beijing Capital International Airport,Korean Air,1,5:30 PM,6:30 PM,665,494250,NPR
Dubai,Los Angeles,2026-05-24,2026-06-06,Dubai International Airport,Los Angeles International Airport,China Southern,1,11:15 PM,12:00 PM,648,461346,NPR
Dubai,Hong Kong,2026-11-07,2026-11-20,Dubai International Airport,Hong Kong International Airport,Singapore Airlines,1,3:30 PM,8:45 PM,979,222830,NPR
Kathmandu,Tokyo,2026-08-04,2026-08-15,Tribhuvan International Airport,Narita International Airport,Air India,1,3:00 AM,2:30 AM,887,79411,NPR
London,Los Angeles,2026-06-11,2026-06-24,Heathrow Airport,Los Angeles International Airport,Cathay Pacific,0,6:00 AM,9:15 AM,613,83939,NPR
London,Los Angeles,2026-05-22,2026-06-05,Heathrow Airport,Los Angeles International Airport,Qatar Airways,2,3:00 PM,1:30 AM,390,373595,NPR
Kathmandu,Toronto,2026-11-09,2026-11-18,Tribhuvan International Airport,Toronto Pearson International Airport,China Southern,2,6:30 AM,12:30 PM,465,152110,NPR
Tokyo,Frankfurt,2026-12-16,2026-12-29,Narita International Airport,Frankfurt Airport,Cathay Pacific,2,4:00 AM,6:45 PM,1176,89225,NPR
New York,Beijing,2026-06-08,2026-06-20,John F. Kennedy International Airport,Beijing Capital International Airport,Singapore Airlines,0,10:15 PM,6:15 AM,529,575986,NPR
Kuala Lumpur,Singapore,2026-10-03,2026-10-16,Kuala Lumpur International Airport,Changi Airport,Japan Airlines,1,4:30 AM,9:30 AM,1082,91956,NPR
Doha,Tokyo,2026-10-22,2026-11-02,Hamad International Airport,Narita International Airport,Turkish Airlines,1,7:00 PM,4:45 AM,399,65667,NPR
Dubai,Tokyo,2026-12-09,2026-12-18,Dubai International Airport,Narita International Airport,Singapore Airlines,1,3:45 AM,10:15 AM,805,219316,NPR
Delhi,Los Angeles,2026-09-25,2026-10-05,Indira Gandhi International Airport,Los Angeles International Airport,Etihad Airways,0,2:15 AM,10:45 PM,728,546250,NPR
New York,Tokyo,2026-12-11,2026-12-23,John F. Kennedy International Airport,Narita International Airport,Thai Airways,0,6:45 PM,1:30 AM,787,470415,NPR
Singapore,Hong Kong,2026-10-06,2026-10-13,Changi Airport,Hong Kong International Airport,Air France,1,4:30 PM,11:00 AM,1046,580519,NPR
Bangkok,Los Angeles,2026-12-11,2026-12-16,Suvarnabhumi Airport,Los Angeles International Airport,Qatar Airways,1,10:00 PM,4:00 AM,795,444077,NPR
Dubai,Amsterdam,2026-08-11,2026-08-17,Dubai International Airport,Amsterdam Schiphol Airport,Turkish Airlines,1,2:00 PM,11:45 AM,1159,537433,NPR
Delhi,Shanghai,2026-06-16,2026-06-22,Indira Gandhi International Airport,Shanghai Pudong International Airport,China Southern,1,6:45 AM,10:00 AM,849,409057,NPR
Hong Kong,Istanbul,2026-06-24,2026-07-06,Hong Kong International Airport,Istanbul Airport,Cathay Pacific,1,2:00 PM,5:15 PM,1162,202582,NPR
Paris,Sydney,2026-07-21,2026-08-04,Charles de Gaulle Airport,Sydney Kingsford Smith Airport,Qatar Airways,2,12:00 PM,11:45 AM,1169,273787,NPR
Kathmandu,Sydney,2026-12-09,2026-12-14,Tribhuvan International Airport,Sydney Kingsford Smith Airport,Korean Air,1,8:15 AM,2:15 AM,341,337210,NPR
Singapore,Shanghai,2026-07-16,2026-07-28,Changi Airport,Shanghai Pudong International Airport,Korean Air,2,6:30 AM,5:00 AM,389,499350,NPR
Tokyo,Los Angeles,2026-06-12,2026-06-20,Narita International Airport,Los Angeles International Airport,Etihad Airways,1,3:45 PM,5:15 PM,1094,421921,NPR
Doha,Amsterdam,2026-08-08,2026-08-13,Hamad International Airport,Amsterdam Schiphol Airport,Air India,0,11:15 PM,10:30 AM,229,207817,NPR
Bangkok,Beijing,2026-09-05,2026-09-15,Suvarnabhumi Airport,Beijing Capital International Airport,Cathay Pacific,1,8:00 AM,2:15 PM,1120,152179,NPR
Kathmandu,Sydney,2026-11-07,2026-11-15,Tribhuvan International Airport,Sydney Kingsford Smith Airport,Korean Air,2,5:45 AM,6:30 AM,629,250444,NPR
Paris,Amsterdam,2026-12-31,2027-01-05,Charles de Gaulle Airport,Amsterdam Schiphol Airport,Etihad Airways,1,12:30 AM,9:00 AM,1222,528148,NPR
Singapore,Frankfurt,2026-07-30,2026-08-09,Changi Airport,Frankfurt Airport,Korean Air,2,10:00 AM,5:45 AM,1077,441246,NPR
Dubai,Rome,2026-09-30,2026-10-07,Dubai International Airport,Leonardo da Vinci International Airport,Korean Air,1,9:45 AM,8:30 PM,403,141876,NPR
Delhi,Shanghai,2026-10-14,2026-10-19,Indira Gandhi International Airport,Shanghai Pudong International Airport,Korean Air,0,3:00 PM,8:45 PM,1230,84220,NPR
Paris,Los Angeles,2026-12-05,2026-12-16,Charles de Gaulle Airport,Los Angeles International Airport,Air India,1,2:45 PM,3:15 AM,1161,180485,NPR
Tokyo,Istanbul,2026-08-14,2026-08-25,Narita International Airport,Istanbul Airport,Emirates,1,7:30 AM,8:30 AM,829,484861,NPR
Paris,Sydney,2026-05-02,2026-05-13,Charles de Gaulle Airport,Sydney Kingsford Smith Airport,Qatar Airways,0,12:15 AM,11:30 AM,886,228688,NPR
Hong Kong,Frankfurt,2026-07-01,2026-07-14,Hong Kong International Airport,Frankfurt Airport,China Southern,1,7:45 PM,1:45 AM,463,459376,NPR
Doha,Beijing,2026-08-12,2026-08-22,Hamad International Airport,Beijing Capital International Airport,flydubai and Emirates,1,1:15 PM,3:15 AM,1232,174122,NPR
Paris,Amsterdam,2026-11-17,2026-11-28,Charles de Gaulle Airport,Amsterdam Schiphol Airport,Lufthansa,2,5:30 AM,6:00 AM,391,76885,NPR
Singapore,Seoul,2026-10-08,2026-10-22,Changi Airport,Incheon International Airport,Thai Airways,0,7:00 PM,6:45 PM,251,186889,NPR
Bangkok,Dubai,2026-10-09,2026-10-19,Suvarnabhumi Airport,Dubai International Airport,Malaysia Airlines,1,8:15 PM,9:15 AM,1296,307167,NPR
Doha,Tokyo,2026-11-23,2026-12-04,Hamad International Airport,Narita International Airport,Lufthansa,0,8:00 AM,4:00 AM,411,166320,NPR
Bangkok,Amsterdam,2026-06-01,2026-06-07,Suvarnabhumi Airport,Amsterdam Schiphol Airport,Thai Airways,1,8:15 AM,2:00 AM,1212,428952,NPR
London,Frankfurt,2026-05-26,2026-06-07,Heathrow Airport,Frankfurt Airport,Emirates,1,2:45 AM,8:00 PM,630,490304,NPR
Singapore,Toronto,2026-10-10,2026-10-22,Changi Airport,Toronto Pearson International Airport,Malaysia Airlines,1,9:00 AM,5:00 AM,440,409462,NPR
Tokyo,Istanbul,2026-10-05,2026-10-19,Narita International Airport,Istanbul Airport,Emirates,1,4:30 PM,3:15 AM,260,74157,NPR
Kuala Lumpur,Rome,2026-11-11,2026-11-18,Kuala Lumpur International Airport,Leonardo da Vinci International Airport,Air India,1,3:15 AM,12:30 AM,483,280436,NPR
Delhi,Singapore,2026-10-25,2026-11-01,Indira Gandhi International Airport,Changi Airport,Lufthansa,1,3:15 PM,2:30 AM,802,539730,NPR
Doha,Tokyo,2026-09-04,2026-09-15,Hamad International Airport,Narita International Airport,flydubai and Emirates,1,6:30 AM,5:15 AM,775,461907,NPR
Delhi,Amsterdam,2026-11-20,2026-12-04,Indira Gandhi International Airport,Amsterdam Schiphol Airport,ANA,1,6:45 AM,1:45 PM,1067,334870,NPR
Tokyo,Amsterdam,2026-05-28,2026-06-11,Narita International Airport,Amsterdam Schiphol Airport,China Southern,1,6:30 AM,11:00 AM,1120,225373,NPR
Kathmandu,Rome,2026-07-04,2026-07-18,Tribhuvan International Airport,Leonardo da Vinci International Airport,Korean Air,1,7:30 PM,12:00 PM,434,238643,NPR
Tokyo,Frankfurt,2026-11-19,2026-11-26,Narita International Airport,Frankfurt Airport,Etihad Airways,1,2:15 AM,9:30 PM,961,202085,NPR
Tokyo,Shanghai,2026-05-03,2026-05-13,Narita International Airport,Shanghai Pudong International Airport,Emirates,1,6:45 AM,6:30 PM,676,119452,NPR
Singapore,Los Angeles,2026-10-02,2026-10-10,Changi Airport,Los Angeles International Airport,flydubai and Emirates,1,3:30 AM,10:00 PM,1063,506346,NPR
Tokyo,Hong Kong,2026-07-21,2026-07-29,Narita International Airport,Hong Kong International Airport,Air India,0,3:45 PM,1:30 AM,1062,175052,NPR
Delhi,Istanbul,2026-06-13,2026-06-27,Indira Gandhi International Airport,Istanbul Airport,Japan Airlines,2,12:15 PM,6:00 PM,783,68702,NPR
Paris,Tokyo,2026-12-06,2026-12-20,Charles de Gaulle Airport,Narita International Airport,Emirates,1,9:15 AM,12:00 PM,1292,91020,NPR
Tokyo,Dubai,2026-05-05,2026-05-11,Narita International Airport,Dubai International Airport,British Airways,0,1:30 PM,8:30 AM,908,469791,NPR
Delhi,Rome,2026-11-15,2026-11-25,Indira Gandhi International Airport,Leonardo da Vinci International Airport,British Airways,2,1:45 AM,9:45 AM,1210,177310,NPR
Tokyo,Amsterdam,2026-05-27,2026-06-01,Narita International Airport,Amsterdam Schiphol Airport,Turkish Airlines,0,12:15 AM,3:30 AM,1092,287336,NPR
Dubai,Shanghai,2026-06-18,2026-06-28,Dubai International Airport,Shanghai Pudong International Airport,Emirates,0,8:00 AM,3:00 AM,823,128687,NPR
New York,Toronto,2026-10-24,2026-11-07,John F. Kennedy International Airport,Toronto Pearson International Airport,China Southern,1,10:15 PM,4:45 AM,445,182423,NPR
Tokyo,Hong Kong,2026-06-07,2026-06-21,Narita International Airport,Hong Kong International Airport,Korean Air,1,9:00 PM,4:15 PM,1178,563911,NPR
New York,Toronto,2026-11-14,2026-11-26,John F. Kennedy International Airport,Toronto Pearson International Airport,Turkish Airlines,0,8:30 AM,10:00 PM,922,304149,NPR
Paris,Dubai,2026-11-05,2026-11-13,Charles de Gaulle Airport,Dubai International Airport,Singapore Airlines,0,3:00 PM,6:00 AM,642,540891,NPR
Singapore,Sydney,2026-09-02,2026-09-08,Changi Airport,Sydney Kingsford Smith Airport,Japan Airlines,1,6:30 PM,9:45 AM,515,579018,NPR
Delhi,Beijing,2026-06-26,2026-07-06,Indira Gandhi International Airport,Beijing Capital International Airport,China Southern,1,7:15 PM,12:15 PM,340,341334,NPR
Singapore,Beijing,2026-10-23,2026-11-01,Changi Airport,Beijing Capital International Airport,Cathay Pacific,1,2:00 PM,11:00 PM,692,67393,NPR
